trade_id,date,team,direction,asset_type,player_name,player_age,player_position,pick_year,pick_round,pick_condition,cash,cap_space,notes
1,2023-06-28,Chicago Bulls,Incoming,Player,Julian Phillips,19,SF,,,,,,
1,2023-06-28,Washington Wizards,Incoming,Pick,,,,2026,2,,,
1,2023-06-28,Washington Wizards,Incoming,Pick,,,,2027,2,,,
2,2023-06-28,Boston Celtics,Incoming,Player,Jordan Walsh,19,SF,,,,,,
2,2023-06-28,Boston Celtics,Incoming,Pick,,,,2024,2,DAL pick,,
2,2023-06-28,Sacramento Kings,Incoming,Player,Colby Jones,21,SG,,,,,,
3,2023-06-22,Boston Celtics,Incoming,Player,Colby Jones,21,SG,,,,,,unofficial
3,2023-06-22,Boston Celtics,Incoming,Player,Mouhamed Gueye,20,PF,,,,,,unofficial
3,2023-06-22,Charlotte Hornets,Incoming,Player,James Nnaji,18,C,,,,,,unofficial
4,2023-06-28,Boston Celtics,Incoming,Player,James Nnaji,18,C,,,,,,
4,2023-06-28,Boston Celtics,Incoming,Pick,,,,2025,2,most favorable of DET-GSW-WAS,,
4,2023-06-28,Boston Celtics,Incoming,Pick,,,,2026,2,most favorable of MIN-NOP-NYK-POR,,
4,2023-06-28,Detroit Pistons,Incoming,Player,Marcus Sasser,22,PG,,,,,,
5,2023-06-28,Atlanta Hawks,Incoming,Player,Mouhamed Gueye,20,PF,,,,,,
5,2023-06-28,Boston Celtics,Incoming,Pick,,,,2027,2,,,
6,2023-06-23,Golden State Warriors,Incoming,Player,Trayce Jackson-Davis,23,PF,,,,,,
6,2023-06-23,Washington Wizards,Incoming,Cash,,,,,,2000000,,$2 Million
7,2023-06-23,Denver Nuggets,Incoming,Player,Hunter Tyson,23,SF,,,,,,
7,2023-06-23,Denver Nuggets,Incoming,Player,Julian Strawther,21,SF,,,,,,
7,2023-06-23,Denver Nuggets,Incoming,Player,Jalen Pickett,23,PG,,,,,,
7,2023-06-23,Denver Nuggets,Incoming,Pick,,,,2024,2,least favorable of MIN-CHA,,
7,2023-06-23,Denver Nuggets,Outgoing,Pick,,,,2024,1,,,
7,2023-06-23,Denver Nuggets,Outgoing,Pick,,,,2029,1,,,
7,2023-06-23,Indiana Pacers,Incoming,Player,Mojave King,21,SG,,,,,,
7,2023-06-23,Indiana Pacers,Incoming,Cash,,,,,,,,,Cash
7,2023-06-23,Indiana Pacers,Incoming,Pick,,,,2024,1,from OKC via DEN,,
7,2023-06-23,Indiana Pacers,Outgoing,Player,Julian Strawther,,,,,,
7,2023-06-23,Indiana Pacers,Outgoing,Player,Jalen Pickett,,,,,,
7,2023-06-23,Indiana Pacers,Outgoing,Player,Maxwell Lewis,,,,,,
7,2023-06-23,Los Angeles Lakers,Incoming,Player,Maxwell Lewis,20,SF,,,,,,
7,2023-06-23,Los Angeles Lakers,Outgoing,Player,Mojave King,,,,,,
7,2023-06-23,Oklahoma City Thunder,Incoming,Pick,,,,2029,1,protected,,
7,2023-06-23,Oklahoma City Thunder,Outgoing,Player,Hunter Tyson,,,,,,
7,2023-06-23,Oklahoma City Thunder,Outgoing,Pick,,,,2024,2,,,
8,2023-06-23,Boston Celtics,Outgoing,Cap Space,,,,,,,,-6800000,-$6.80M CAP SPACE
8,2023-06-23,Boston Celtics,Incoming,Player,Kristaps Porzingis,27,PF,,,,,,"Salary: $36,016,200; Player Option exercised"
8,2023-06-23,Boston Celtics,Incoming,Player,Marcus Sasser,22,PG,,,,,,
8,2023-06-23,Boston Celtics,Incoming,Pick,,,,2024,1,GSW via MEM pick,,
8,2023-06-23,Boston Celtics,Outgoing,Player,Marcus Smart,,,,,,
8,2023-06-23,Boston Celtics,Outgoing,Player,Danilo Gallinari,,,,,,
8,2023-06-23,Boston Celtics,Outgoing,Player,Mike Muscala,,,,,,
8,2023-06-23,Boston Celtics,Outgoing,Player,Julian Phillips,,,,,,
8,2023-06-23,Memphis Grizzlies,Outgoing,Cap Space,,,,,,,,-4920000,-$4.92M CAP SPACE
8,2023-06-23,Memphis Grizzlies,Incoming,Player,Marcus Smart,29,PG,,,,,,"Salary: $18,917,046; $1M Trade Bonus"
8,2023-06-23,Memphis Grizzlies,Outgoing,Player,Marcus Sasser,,,,,,
8,2023-06-23,Memphis Grizzlies,Outgoing,Pick,,,,2024,1,,,
8,2023-06-23,Memphis Grizzlies,Outgoing,Player,Tyus Jones,,,,,,
8,2023-06-23,Washington Wizards,Incoming,Cap Space,,,,,,,,11710000,+$11.71M CAP SPACE
8,2023-06-23,Washington Wizards,Incoming,Player,Tyus Jones,27,PG,,,,,,"Salary: $14,000,000"
8,2023-06-23,Washington Wizards,Incoming,Player,Danilo Gallinari,34,PF,,,,,,"Salary: $6,802,950"
8,2023-06-23,Washington Wizards,Incoming,Player,Mike Muscala,31,C,,,,,,"Salary: $3,500,000; Club Option exercised"
8,2023-06-23,Washington Wizards,Incoming,Player,Julian Phillips,19,SF,,,,,,
8,2023-06-23,Washington Wizards,Outgoing,Player,Kristaps Porzingis,,,,,,,"Salary: $36,016,200"
9,2023-06-23,Minnesota Timberwolves,Incoming,Player,Leonard Miller,19,SF,,,,,,
9,2023-06-23,San Antonio Spurs,Incoming,Pick,,,,2028,2,UTA via MIN pick,,
9,2023-06-23,San Antonio Spurs,Incoming,Pick,,,,2028,2,MIN pick,,
10,2023-06-23,Phoenix Suns,Incoming,Player,Bradley Beal,29,SG,,,,,,
10,2023-06-23,Phoenix Suns,Incoming,Player,Jordan Goodwin,24,PG,,,,,,
10,2023-06-23,Phoenix Suns,Incoming,Player,Isaiah Todd,21,PF,,,,,,
10,2023-06-23,Washington Wizards,Incoming,Player,Chris Paul,38,PG,,,,,,
10,2023-06-23,Washington Wizards,Incoming,Player,Landry Shamet,26,SG,,,,,,
10,2023-06-23,Washington Wizards,Incoming,Cash,,,,,,3500000,,$3.5 Million
10,2023-06-23,Washington Wizards,Incoming,Pick,,,,2024,1,WAS right to swap,,
10,2023-06-23,Washington Wizards,Incoming,Pick,,,,2024,2,,,
10,2023-06-23,Washington Wizards,Incoming,Pick,,,,2025,2,,,
10,2023-06-23,Washington Wizards,Incoming,Pick,,,,2026,1,WAS right to swap,,
10,2023-06-23,Washington Wizards,Incoming,Pick,,,,2026,2,,,
10,2023-06-23,Washington Wizards,Incoming,Pick,,,,2027,2,,,
10,2023-06-23,Washington Wizards,Incoming,Pick,,,,2028,1,WAS right to swap,,
10,2023-06-23,Washington Wizards,Incoming,Pick,,,,2028,2,,,
10,2023-06-23,Washington Wizards,Incoming,Pick,,,,2030,1,WAS right to swap,,
10,2023-06-23,Washington Wizards,Incoming,Pick,,,,2030,2,,,
11,2023-06-22,Milwaukee Bucks,Incoming,Player,Andre Jackson Jr.,21,SG,,,,,,
11,2023-06-22,Orlando Magic,Incoming,Cash,,,,,,,,,Cash
11,2023-06-22,Orlando Magic,Incoming,Pick,,,,2030,2,,,
12,2023-06-22,Indiana Pacers,Incoming,Player,Jarace Walker,19,PF,,,,,,unofficial
12,2023-06-22,Indiana Pacers,Incoming,Pick,,,,2028,2,PHX pick,,unofficial
12,2023-06-22,Indiana Pacers,Incoming,Pick,,,,2028,2,IND pick,,unofficial
12,2023-06-22,Washington Wizards,Incoming,Player,Bilal Coulibaly,18,SF,,,,,,unofficial
13,2023-02-09,Indiana Pacers,Outgoing,Cap Space,,,,,,,,-8840000,-$8.84M CAP SPACE
13,2023-02-09,Indiana Pacers,Incoming,Player,George Hill,36,PG,,,,,,"Salary: $4,000,000"
13,2023-02-09,Indiana Pacers,Incoming,Player,Jordan Nwora,24,SF,,,,,,"Salary: $3,000,000"
13,2023-02-09,Indiana Pacers,Incoming,Player,Serge Ibaka,33,C,,,,,,"Salary: $1,836,090"
13,2023-02-09,Indiana Pacers,Incoming,Cash,,,,,,,,,Cash
13,2023-02-09,Indiana Pacers,Incoming,Pick,,,,2023,2,more favorable of MIL (MIL or least favorable of CLE-GSW),,
13,2023-02-09,Indiana Pacers,Incoming,Pick,,,,2024,2,MIL pick,,
13,2023-02-09,Indiana Pacers,Incoming,Pick,,,,2025,2,IND pick,,
13,2023-02-09,Indiana Pacers,Outgoing,Player,Juan Vaulet,,,,,,
13,2023-02-09,Milwaukee Bucks,Outgoing,Cap Space,,,,,,,,-1350000,-$1.35M CAP SPACE
13,2023-02-09,Milwaukee Bucks,Incoming,Player,Jae Crowder,32,SF,,,,,,"Salary: $10,183,800"
13,2023-02-09,Milwaukee Bucks,Outgoing,Player,George Hill,,,,,,
13,2023-02-09,Milwaukee Bucks,Outgoing,Player,Jordan Nwora,,,,,,
13,2023-02-09,Milwaukee Bucks,Outgoing,Player,Serge Ibaka,,,,,,
13,2023-02-09,Milwaukee Bucks,Outgoing,Pick,,,,2023,2,,,
13,2023-02-09,Milwaukee Bucks,Outgoing,Pick,,,,2024,2,,,
13,2023-02-09,Milwaukee Bucks,Outgoing,Pick,,,,2025,2,,,
13,2023-02-09,Milwaukee Bucks,Outgoing,Pick,,,,2028,2,,,
13,2023-02-09,Milwaukee Bucks,Outgoing,Pick,,,,2029,2,,,
13,2023-02-09,Phoenix Suns,Outgoing,Cap Space,,,,,,,,-8890000,-$8.89M CAP SPACE
13,2023-02-09,Phoenix Suns,Incoming,Player,Kevin Durant,34,SF,,,,,,"Salary: $44,124,845"
13,2023-02-09,Phoenix Suns,Incoming,Player,T.J. Warren,29,SF,,,,,,"Salary: $1,836,090"
13,2023-02-09,Phoenix Suns,Outgoing,Player,Mikal Bridges,,,,,,
13,2023-02-09,Phoenix Suns,Outgoing,Player,Jae Crowder,,,,,,
13,2023-02-09,Phoenix Suns,Outgoing,Player,Cameron Johnson,,,,,,
13,2023-02-09,Phoenix Suns,Outgoing,Pick,,,,2023,1,,,
13,2023-02-09,Phoenix Suns,Outgoing,Pick,,,,2025,1,,,
13,2023-02-09,Phoenix Suns,Outgoing,Pick,,,,2027,1,,,
13,2023-02-09,Phoenix Suns,Outgoing,Pick,,,,2028,1,,,
13,2023-02-09,Phoenix Suns,Outgoing,Pick,,,,2029,1,,,
13,2023-02-09,Brooklyn Nets,Incoming,Cap Space,,,,,,,,19070000,+$19.07M CAP SPACE
13,2023-02-09,Brooklyn Nets,Incoming,Player,Mikal Bridges,26,SF,,,,,,"Salary: $21,000,000"
13,2023-02-09,Brooklyn Nets,Incoming,Player,Jae Crowder,32,SF,,,,,,"Salary: $10,183,800"
13,2023-02-09,Brooklyn Nets,Incoming,Player,Cameron Johnson,26,SF,,,,,,"Salary: $5,887,899"
13,2023-02-09,Brooklyn Nets,Incoming,Player,Juan Vaulet,26,SF,,,,,,
13,2023-02-09,Brooklyn Nets,Incoming,Pick,,,,2023,1,unprotected,,
13,2023-02-09,Brooklyn Nets,Incoming,Pick,,,,2025,1,unprotected,,
13,2023-02-09,Brooklyn Nets,Incoming,Pick,,,,2027,1,unprotected,,
13,2023-02-09,Brooklyn Nets,Incoming,Pick,,,,2028,1,swap,,
13,2023-02-09,Brooklyn Nets,Incoming,Pick,,,,2028,2,MIL pick,,
13,2023-02-09,Brooklyn Nets,Incoming,Pick,,,,2029,1,unprotected,,
13,2023-02-09,Brooklyn Nets,Incoming,Pick,,,,2029,2,MIL pick,,
13,2023-02-09,Brooklyn Nets,Outgoing,Player,Jae Crowder,,,,,,
13,2023-02-09,Brooklyn Nets,Outgoing,Player,Kevin Durant,,,,,,
13,2023-02-09,Brooklyn Nets,Outgoing,Player,T.J. Warren,,,,,,
14,2023-02-09,LA Clippers,Incoming,Cap Space,,,,,,,,2690000,+$2.69M CAP SPACE
14,2023-02-09,LA Clippers,Incoming,Player,Mason Plumlee,32,C,,,,,,"Salary: $8,525,000"
14,2023-02-09,Charlotte Hornets,Outgoing,Cap Space,,,,,,,,-2690000,-$2.69M CAP SPACE
14,2023-02-09,Charlotte Hornets,Incoming,Player,Reggie Jackson,32,PG,,,,,,"Salary: $11,215,260"
14,2023-02-09,Charlotte Hornets,Incoming,Cash,,,,,,1000000,,$1 Million
14,2023-02-09,Charlotte Hornets,Incoming,Pick,,,,2028,2,,,
15,2023-02-09,San Antonio Spurs,Incoming,Cap Space,,,,,,,,650000,+$0.65M CAP SPACE
15,2023-02-09,San Antonio Spurs,Incoming,Player,Devonte' Graham,27,PG,,,,,,"Salary: $11,550,000"
15,2023-02-09,San Antonio Spurs,Incoming,Pick,,,,2024,2,most favorable of NOP-CHI,,
15,2023-02-09,San Antonio Spurs,Incoming,Pick,,,,2026,2,least favorable of NOP-POR,,
15,2023-02-09,San Antonio Spurs,Incoming,Pick,,,,2028,2,,,
15,2023-02-09,San Antonio Spurs,Incoming,Pick,,,,2029,2,,,
15,2023-02-09,New Orleans Pelicans,Outgoing,Cap Space,,,,,,,,-650000,-$0.65M CAP SPACE
15,2023-02-09,New Orleans Pelicans,Incoming,Player,Josh Richardson,29,SG,,,,,,"Salary: $12,196,094"
16,2023-02-09,Denver Nuggets,Incoming,Cap Space,,,,,,,,2270000,+$2.27M CAP SPACE
16,2023-02-09,Denver Nuggets,Incoming,Player,Thomas Bryant,25,C,,,,,,"Salary: $1,836,090"
16,2023-02-09,Denver Nuggets,Outgoing,Player,Nah'Shon Hyland,,,,,,
16,2023-02-09,Denver Nuggets,Outgoing,Player,Davon Reed,,,,,,
16,2023-02-09,Denver Nuggets,Outgoing,Pick,,,,2024,2,,,
16,2023-02-09,LA Clippers,Outgoing,Cap Space,,,,,,,,-2200000,-$2.20M CAP SPACE
16,2023-02-09,LA Clippers,Incoming,Player,Nah'Shon Hyland,22,PG,,,,,,"Salary: $2,201,520"
16,2023-02-09,LA Clippers,Outgoing,Pick,,,,2024,2,,,
16,2023-02-09,LA Clippers,Outgoing,Pick,,,,2025,2,,,
16,2023-02-09,Los Angeles Lakers,Incoming,Cap Space,,,,,,,,2630000,+$2.63M CAP SPACE
16,2023-02-09,Los Angeles Lakers,Incoming,Player,Mohamed Bamba,24,C,,,,,,"Salary: $10,300,000"
16,2023-02-09,Los Angeles Lakers,Incoming,Player,Davon Reed,27,SG,,,,,,"Salary: $1,902,133"
16,2023-02-09,Los Angeles Lakers,Incoming,Pick,,,,2024,2,,,
16,2023-02-09,Los Angeles Lakers,Incoming,Pick,,,,2025,2,,,
16,2023-02-09,Los Angeles Lakers,Outgoing,Player,Thomas Bryant,,,,,,
16,2023-02-09,Los Angeles Lakers,Outgoing,Player,Patrick Beverley,,,,,,
16,2023-02-09,Orlando Magic,Outgoing,Cap Space,,,,,,,,-2700000,-$2.70M CAP SPACE
16,2023-02-09,Orlando Magic,Incoming,Player,Patrick Beverley,34,PG,,,,,,"Salary: $13,000,000"
16,2023-02-09,Orlando Magic,Incoming,Cash,,,,,,2000000,,$2 Million; plus additional Cash
16,2023-02-09,Orlando Magic,Incoming,Pick,,,,2024,2,,,
16,2023-02-09,Orlando Magic,Outgoing,Player,Mohamed Bamba,,,,,,,"Salary: $10,300,000"
17,2023-02-09,Houston Rockets,Incoming,Cap Space,,,,,,,,3090000,+$3.09M CAP SPACE
17,2023-02-09,Houston Rockets,Incoming,Player,Danny Green,35,SF,,,,,,"Salary: $10,000,000"
17,2023-02-09,Houston Rockets,Incoming,Player,John Wall,32,PG,,,,,,"Salary: $6,479,000"
17,2023-02-09,Houston Rockets,Incoming,Pick,,,,2023,1,right to swap for either LAC-OKC 2023 1st; Top-6 protected,,
17,2023-02-09,Houston Rockets,Outgoing,Player,Eric Gordon,,,,,,
17,2023-02-09,LA Clippers,Incoming,Cap Space,,,,,,,,660000,+$0.66M CAP SPACE
17,2023-02-09,LA Clippers,Incoming,Player,Eric Gordon,34,SG,,,,,,"Salary: $19,568,360"
17,2023-02-09,LA Clippers,Incoming,Pick,,,,2024,2,TOR pick,,
17,2023-02-09,LA Clippers,Incoming,Pick,,,,2024,2,more favorable of IND or least favorable of CLE-UTH,,
17,2023-02-09,LA Clippers,Incoming,Pick,,,,2027,2,MEM pick,,
17,2023-02-09,LA Clippers,Outgoing,Player,John Wall,,,,,,
17,2023-02-09,LA Clippers,Outgoing,Pick,,,,2023,1,,,
17,2023-02-09,LA Clippers,Outgoing,Player,Luke Kennard,,,,,,
17,2023-02-09,Memphis Grizzlies,Outgoing,Cap Space,,,,,,,,-3750000,-$3.75M CAP SPACE
17,2023-02-09,Memphis Grizzlies,Incoming,Player,Luke Kennard,26,SG,,,,,,"Salary: $13,745,455"
17,2023-02-09,Memphis Grizzlies,Outgoing,Player,Danny Green,,,,,,
17,2023-02-09,Memphis Grizzlies,Outgoing,Pick,,,,2024,2,,,
17,2023-02-09,Memphis Grizzlies,Outgoing,Pick,,,,2024,2,,,
17,2023-02-09,Memphis Grizzlies,Outgoing,Pick,,,,2027,2,,,
18,2023-02-09,Atlanta Hawks,Incoming,Cap Space,,,,,,,,3410000,+$3.41M CAP SPACE
18,2023-02-09,Atlanta Hawks,Incoming,Player,Bruno Fernando,24,C,,,,,,"Salary: $2,717,391"
18,2023-02-09,Atlanta Hawks,Incoming,Player,Garrison Mathews,26,SG,,,,,,"Salary: $2,000,000"
18,2023-02-09,Houston Rockets,Outgoing,Cap Space,,,,,,,,-3410000,-$3.41M CAP SPACE
18,2023-02-09,Houston Rockets,Incoming,Player,Justin Holiday,33,SG,,,,,,"Salary: $6,292,440"
18,2023-02-09,Houston Rockets,Incoming,Player,Frank Kaminsky,29,C,,,,,,"Salary: $1,836,090"
18,2023-02-09,Houston Rockets,Incoming,Pick,,,,2024,2,OKC pick,,
18,2023-02-09,Houston Rockets,Incoming,Pick,,,,2025,2,OKC pick,,
19,2023-02-09,Atlanta Hawks,Incoming,Cap Space,,,,,,,,40000,+$0.04M CAP SPACE
19,2023-02-09,Atlanta Hawks,Incoming,Player,Saddiq Bey,23,SF,,,,,,"Salary: $2,959,080"
19,2023-02-09,Atlanta Hawks,Outgoing,Pick,,,,2026,2,,,
19,2023-02-09,Atlanta Hawks,Outgoing,Pick,,,,2028,2,,,
19,2023-02-09,Atlanta Hawks,Outgoing,Player,Kevin Knox,,,,,,
19,2023-02-09,Atlanta Hawks,Outgoing,Pick,,,,2023,2,,,
19,2023-02-09,Atlanta Hawks,Outgoing,Pick,,,,2024,2,,,
19,2023-02-09,Atlanta Hawks,Outgoing,Pick,,,,2025,2,,,
19,2023-02-09,Atlanta Hawks,Outgoing,Pick,,,,2026,2,,,
19,2023-02-09,Detroit Pistons,Outgoing,Cap Space,,,,,,,,-6640000,-$6.64M CAP SPACE
19,2023-02-09,Detroit Pistons,Incoming,Player,James Wiseman,21,C,,,,,,"Salary: $9,603,360"
19,2023-02-09,Detroit Pistons,Outgoing,Player,Saddiq Bey,,,,,,
19,2023-02-09,Golden State Warriors,Incoming,Cap Space,,,,,,,,1300000,+$1.30M CAP SPACE
19,2023-02-09,Golden State Warriors,Incoming,Player,Gary Payton II,30,PG,,,,,,"Salary: $8,300,000"
19,2023-02-09,Golden State Warriors,Incoming,Pick,,,,2026,2,ATL pick,,
19,2023-02-09,Golden State Warriors,Incoming,Pick,,,,2028,2,ATL pick,,
19,2023-02-09,Golden State Warriors,Outgoing,Player,James Wiseman,,,,,,
19,2023-02-09,Golden State Warriors,Outgoing,Pick,,,,2028,2,,,
19,2023-02-09,Portland Trail Blazers,Incoming,Cap Space,,,,,,,,5300000,+$5.30M CAP SPACE
19,2023-02-09,Portland Trail Blazers,Incoming,Player,Kevin Knox,23,SF,,,,,,"Salary: $3,000,000"
19,2023-02-09,Portland Trail Blazers,Incoming,Pick,,,,2023,2,second-most favorable of ATL-BKN-CHA,,
19,2023-02-09,Portland Trail Blazers,Incoming,Pick,,,,2024,2,ATL pick,,
19,2023-02-09,Portland Trail Blazers,Incoming,Pick,,,,2025,2,protected 41-60,,
19,2023-02-09,Portland Trail Blazers,Incoming,Pick,,,,2026,2,Top-42 protected MEM pick,,
19,2023-02-09,Portland Trail Blazers,Incoming,Pick,,,,2028,2,GSW pick,,
19,2023-02-09,Portland Trail Blazers,Outgoing,Player,Gary Payton II,,,,,,"Salary: $8,300,000"
20,2023-02-09,Phoenix Suns,Incoming,Cap Space,,,,,,,,4980000,+$4.98M CAP SPACE
20,2023-02-09,Phoenix Suns,Incoming,Player,Darius Bazley,22,PF,,,,,,"Salary: $4,264,629"
20,2023-02-09,Oklahoma City Thunder,Outgoing,Cap Space,,,,,,,,-4980000,-$4.98M CAP SPACE
20,2023-02-09,Oklahoma City Thunder,Incoming,Player,Dario Saric,28,PF,,,,,,"Salary: $9,240,000"
20,2023-02-09,Oklahoma City Thunder,Incoming,Cash,,,,,,1000000,,$1 Million
20,2023-02-09,Oklahoma City Thunder,Incoming,Pick,,,,2029,2,PHX pick,,
21,2023-02-09,New York Knicks,Outgoing,Cap Space,,,,,,,,-3200000,-$3.20M CAP SPACE
21,2023-02-09,New York Knicks,Incoming,Player,Josh Hart,27,SG,,,,,,"Salary: $12,960,000"
21,2023-02-09,New York Knicks,Incoming,Player,Bojan Dubljevic,31,PF,,,,,,
21,2023-02-09,New York Knicks,Incoming,Player,Daniel Diez,29,SF,,,,,,
21,2023-02-09,New York Knicks,Outgoing,Player,Cam Reddish,,,,,,
21,2023-02-09,New York Knicks,Outgoing,Player,Sviatoslav Mykhailiuk,,,,,,
21,2023-02-09,New York Knicks,Outgoing,Player,Ryan Arcidiacono,,,,,,
21,2023-02-09,New York Knicks,Outgoing,Player,Ante Tomic,,,,,,
21,2023-02-09,New York Knicks,Outgoing,Pick,,,,2023,1,,,
21,2023-02-09,Philadelphia 76ers,Incoming,Cap Space,,,,,,,,2450000,+$2.45M CAP SPACE
21,2023-02-09,Philadelphia 76ers,Incoming,Player,Jalen McDaniels,25,SF,,,,,,"Salary: $1,930,681"
21,2023-02-09,Philadelphia 76ers,Incoming,Pick,,,,2024,2,NYK pick,,
21,2023-02-09,Philadelphia 76ers,Incoming,Pick,,,,2029,2,POR pick,,
21,2023-02-09,Philadelphia 76ers,Outgoing,Player,Matisse Thybulle,,,,,,
21,2023-02-09,Philadelphia 76ers,Outgoing,Pick,,,,2023,2,,,
21,2023-02-09,Portland Trail Blazers,Incoming,Cap Space,,,,,,,,790000,+$0.79M CAP SPACE
21,2023-02-09,Portland Trail Blazers,Incoming,Player,Cam Reddish,23,SF,,,,,,"Salary: $5,954,454"
21,2023-02-09,Portland Trail Blazers,Incoming,Player,Matisse Thybulle,25,SG,,,,,,"Salary: $4,379,527"
21,2023-02-09,Portland Trail Blazers,Incoming,Player,Sviatoslav Mykhailiuk,25,SG,,,,,,"Salary: $1,968,175"
21,2023-02-09,Portland Trail Blazers,Incoming,Player,Ryan Arcidiacono,28,PG,,,,,,"Salary: $1,836,090"
21,2023-02-09,Portland Trail Blazers,Incoming,Player,Ante Tomic,35,C,,,,,,
21,2023-02-09,Portland Trail Blazers,Incoming,Pick,,,,2023,1,Top-14 protected NYK pick,,
21,2023-02-09,Portland Trail Blazers,Outgoing,Player,Josh Hart,,,,,,
21,2023-02-09,Portland Trail Blazers,Outgoing,Player,Bojan Dubljevic,,,,,,
21,2023-02-09,Portland Trail Blazers,Outgoing,Player,Daniel Diez,,,,,,
21,2023-02-09,Portland Trail Blazers,Outgoing,Pick,,,,2029,2,,,
21,2023-02-09,Portland Trail Blazers,Outgoing,Player,Sviatoslav Mykhailiuk,,,,,,
21,2023-02-09,Portland Trail Blazers,Outgoing,Pick,,,,2027,2,,,
21,2023-02-09,Charlotte Hornets,Outgoing,Cap Space,,,,,,,,-40000,-$0.04M CAP SPACE
21,2023-02-09,Charlotte Hornets,Incoming,Player,Sviatoslav Mykhailiuk,25,SG,,,,,,"Salary: $1,968,175"
21,2023-02-09,Charlotte Hornets,Incoming,Pick,,,,2023,2,most favorable of CHA-ATL-BKN,,
21,2023-02-09,Charlotte Hornets,Incoming,Pick,,,,2027,2,most favorable of NOP-POR,,
21,2023-02-09,Charlotte Hornets,Outgoing,Player,Jalen McDaniels,,,,,,
21,2023-02-09,Charlotte Hornets,Outgoing,Pick,,,,2024,2,,,
22,2023-02-09,Boston Celtics,Outgoing,Cap Space,,,,,,,,-1660000,-$1.66M CAP SPACE
22,2023-02-09,Boston Celtics,Incoming,Player,Mike Muscala,31,C,,,,,,"Salary: $3,500,000"
22,2023-02-09,Oklahoma City Thunder,Incoming,Cap Space,,,,,,,,1660000,+$1.66M CAP SPACE
22,2023-02-09,Oklahoma City Thunder,Incoming,Player,Justin Jackson,27,SF,,,,,,"Salary: $1,836,090"
22,2023-02-09,Oklahoma City Thunder,Incoming,Pick,,,,2023,2,least favorable of BOS picks,,
22,2023-02-09,Oklahoma City Thunder,Incoming,Pick,,,,2029,2,,,
23,2023-02-09,San Antonio Spurs,Incoming,Cap Space,,,,,,,,2730000,+$2.73M CAP SPACE
23,2023-02-09,San Antonio Spurs,Incoming,Player,Khem Birch,30,C,,,,,,"Salary: $6,667,500"
23,2023-02-09,San Antonio Spurs,Incoming,Pick,,,,2023,2,TOR pick,,
23,2023-02-09,San Antonio Spurs,Incoming,Pick,,,,2024,1,Top-6 protected TOR pick,,
23,2023-02-09,San Antonio Spurs,Incoming,Pick,,,,2025,2,TOR pick,,
23,2023-02-09,Toronto Raptors,Outgoing,Cap Space,,,,,,,,-2730000,-$2.73M CAP SPACE
23,2023-02-09,Toronto Raptors,Incoming,Player,Jakob Poeltl,27,C,,,,,,"Salary: $9,398,148"
24,2023-02-09,Los Angeles Lakers,Incoming,Cap Space,,,,,,,,40000,+$0.04M CAP SPACE
24,2023-02-09,Los Angeles Lakers,Incoming,Player,D'Angelo Russell,26,PG,,,,,,"Salary: $31,377,750"
24,2023-02-09,Los Angeles Lakers,Incoming,Player,Malik Beasley,26,SG,,,,,,"Salary: $15,458,035"
24,2023-02-09,Los Angeles Lakers,Incoming,Player,Jarred Vanderbilt,23,PF,,,,,,"Salary: $4,320,000"
24,2023-02-09,Los Angeles Lakers,Outgoing,Player,Russell Westbrook,,,,,,
24,2023-02-09,Los Angeles Lakers,Outgoing,Player,Damian Jones,,,,,,
24,2023-02-09,Los Angeles Lakers,Outgoing,Player,Juan Toscano-Anderson,,,,,,
24,2023-02-09,Los Angeles Lakers,Outgoing,Pick,,,,2027,1,,,
24,2023-02-09,Minnesota Timberwolves,Incoming,Cap Space,,,,,,,,5440000,+$5.44M CAP SPACE
24,2023-02-09,Minnesota Timberwolves,Incoming,Player,Mike Conley,35,PG,,,,,,"Salary: $22,680,000"
24,2023-02-09,Minnesota Timberwolves,Incoming,Player,Nickeil Alexander-Walker,24,SG,,,,,,"Salary: $3,261,480"
24,2023-02-09,Minnesota Timberwolves,Incoming,Pick,,,,2024,2,least favorable of WAS-MEM,,
24,2023-02-09,Minnesota Timberwolves,Incoming,Pick,,,,2025,2,UTH pick,,
24,2023-02-09,Minnesota Timberwolves,Incoming,Pick,,,,2026,2,UTH pick,,
24,2023-02-09,Minnesota Timberwolves,Outgoing,Player,D'Angelo Russell,,,,,,
24,2023-02-09,Utah Jazz,Outgoing,Cap Space,,,,,,,,-5480000,-$5.48M CAP SPACE
24,2023-02-09,Utah Jazz,Incoming,Player,Russell Westbrook,34,PG,,,,,,"Salary: $47,063,478"
24,2023-02-09,Utah Jazz,Incoming,Player,Damian Jones,27,C,,,,,,"Salary: $2,298,385"
24,2023-02-09,Utah Jazz,Incoming,Player,Juan Toscano-Anderson,29,SF,,,,,,"Salary: $1,836,090"
24,2023-02-09,Utah Jazz,Incoming,Pick,,,,2027,1,Top-4 protected LAL pick,,
24,2023-02-09,Utah Jazz,Outgoing,Player,Malik Beasley,,,,,,
24,2023-02-09,Utah Jazz,Outgoing,Player,Jarred Vanderbilt,,,,,,
24,2023-02-09,Utah Jazz,Outgoing,Player,Mike Conley,,,,,,
24,2023-02-09,Utah Jazz,Outgoing,Player,Nickeil Alexander-Walker,,,,,,
24,2023-02-09,Utah Jazz,Outgoing,Pick,,,,2024,2,,,
24,2023-02-09,Utah Jazz,Outgoing,Pick,,,,2025,2,,,
24,2023-02-09,Utah Jazz,Outgoing,Pick,,,,2026,2,,,
25,2023-02-07,Sacramento Kings,Outgoing,Cap Space,,,,,,,,-1640000,-$1.64M CAP SPACE
25,2023-02-07,Sacramento Kings,Incoming,Player,Kessler Edwards,22,SF,,,,,,"Salary: $1,637,966"
25,2023-02-07,Sacramento Kings,Incoming,Cash,,,,,,2580000,,$2.58 Million
25,2023-02-07,Brooklyn Nets,Incoming,Cap Space,,,,,,,,1640000,+$1.64M CAP SPACE
25,2023-02-07,Brooklyn Nets,Incoming,Player,David Michineau,28,PG,,,,,,
26,2023-02-07,Miami Heat,Incoming,Cap Space,,,,,,,,4700000,+$4.70M CAP SPACE
26,2023-02-07,Miami Heat,Incoming,Cash,,,,,,110000,,$110k
26,2023-02-07,San Antonio Spurs,Outgoing,Cap Space,,,,,,,,-4700000,-$4.70M CAP SPACE
26,2023-02-07,San Antonio Spurs,Incoming,Player,Dewayne Dedmon,33,C,,,,,,"Salary: $4,700,000"
26,2023-02-07,San Antonio Spurs,Incoming,Pick,,,,2028,2,,,
27,2023-02-06,Dallas Mavericks,Outgoing,Cap Space,,,,,,,,-8310000,-$8.31M CAP SPACE
27,2023-02-06,Dallas Mavericks,Incoming,Player,Kyrie Irving,30,PG,,,,,,"Salary: $38,917,057"
27,2023-02-06,Dallas Mavericks,Incoming,Player,Markieff Morris,33,PF,,,,,,"Salary: $1,836,090"
27,2023-02-06,Brooklyn Nets,Incoming,Cap Space,,,,,,,,8310000,+$8.31M CAP SPACE
27,2023-02-06,Brooklyn Nets,Incoming,Player,Spencer Dinwiddie,29,PG,,,,,,"Salary: $19,500,000"
27,2023-02-06,Brooklyn Nets,Incoming,Player,Dorian Finney-Smith,29,PF,,,,,,"Salary: $12,938,660"
27,2023-02-06,Brooklyn Nets,Incoming,Pick,,,,2027,2,,,
27,2023-02-06,Brooklyn Nets,Incoming,Pick,,,,2029,1,,,
27,2023-02-06,Brooklyn Nets,Incoming,Pick,,,,2029,2,,,
28,2023-01-23,Los Angeles Lakers,Outgoing,Cap Space,,,,,,,,-1010000,-$1.01M CAP SPACE
28,2023-01-23,Los Angeles Lakers,Incoming,Player,Rui Hachimura,24,PF,,,,,,"Salary: $6,263,188"
28,2023-01-23,Washington Wizards,Incoming,Cap Space,,,,,,,,1010000,+$1.01M CAP SPACE
28,2023-01-23,Washington Wizards,Incoming,Player,Kendrick Nunn,27,PG,,,,,,"Salary: $5,250,000"
28,2023-01-23,Washington Wizards,Incoming,Pick,,,,2023,2,CHI pick,,
28,2023-01-23,Washington Wizards,Incoming,Pick,,,,2028,2,WAS/LAL less favorable,,
28,2023-01-23,Washington Wizards,Incoming,Pick,,,,2029,2,LAL pick,,
29,2023-01-05,Boston Celtics,Incoming,Cap Space,,,,,,,,1840000,+$1.84M CAP SPACE
29,2023-01-05,Boston Celtics,Incoming,Pick,,,,2024,2,Top-55 protected,,
29,2023-01-05,San Antonio Spurs,Outgoing,Cap Space,,,,,,,,-1840000,-$1.84M CAP SPACE
29,2023-01-05,San Antonio Spurs,Incoming,Player,Noah Vonleh,27,PF,,,,,,"Salary: $1,836,090"
29,2023-01-05,San Antonio Spurs,Incoming,Cash,,,,,,1500000,,$1.5 Million
30,2022-09-30,Houston Rockets,Outgoing,Cap Space,,,,,,,,-7350000,-$7.35M CAP SPACE
30,2022-09-30,Houston Rockets,Incoming,Player,Derrick Favors,31,C,,,,,,"Salary: $10,183,800"
30,2022-09-30,Houston Rockets,Incoming,Player,Maurice Harkless,29,SF,,,,,,"Salary: $4,564,980"
30,2022-09-30,Houston Rockets,Incoming,Player,Ty Jerome,25,SG,,,,,,"Salary: $4,220,057"
30,2022-09-30,Houston Rockets,Incoming,Player,Theo Maledon,21,PG,,,,,,"Salary: $1,900,000"
30,2022-09-30,Houston Rockets,Incoming,Pick,,,,2025,2,ATL pick Top-40 protected,,
30,2022-09-30,Oklahoma City Thunder,Incoming,Cap Space,,,,,,,,7350000,+$7.35M CAP SPACE
30,2022-09-30,Oklahoma City Thunder,Incoming,Player,David Nwaba,29,SG,,,,,,"Salary: $5,022,000"
30,2022-09-30,Oklahoma City Thunder,Incoming,Player,Trey Burke,29,PG,,,,,,"Salary: $3,300,000"
30,2022-09-30,Oklahoma City Thunder,Incoming,Player,Sterling Brown,27,SG,,,,,,"Salary: $3,000,000"
30,2022-09-30,Oklahoma City Thunder,Incoming,Player,Marquese Chriss,25,SF,,,,,,"Salary: $2,193,920"
31,2022-09-27,Atlanta Hawks,Incoming,Cap Space,,,,,,,,3000000,+$3.00M CAP SPACE
31,2022-09-27,Atlanta Hawks,Incoming,Player,Vit Krejci,22,PG,,,,,,"Salary: $1,563,518"
31,2022-09-27,Oklahoma City Thunder,Outgoing,Cap Space,,,,,,,,-3000000,-$3.00M CAP SPACE
31,2022-09-27,Oklahoma City Thunder,Incoming,Player,Maurice Harkless,29,SF,,,,,,"Salary: $4,564,980"
32,2022-09-22,Detroit Pistons,Outgoing,Cap Space,,,,,,,,-4990000,-$4.99M CAP SPACE
32,2022-09-22,Detroit Pistons,Incoming,Player,Bojan Bogdanovic,33,SF,,,,,,"Salary: $19,550,000"
32,2022-09-22,Utah Jazz,Incoming,Cap Space,,,,,,,,4990000,+$4.99M CAP SPACE
32,2022-09-22,Utah Jazz,Incoming,Player,Kelly Olynyk,31,PF,,,,,,"Salary: $12,804,878"
32,2022-09-22,Utah Jazz,Incoming,Player,Saben Lee,23,PG,,,,,,"Salary: $1,752,638"
32,2022-09-22,Utah Jazz,Incoming,Cash,,,,,,1752638,,$1,752,638
33,2022-09-03,Cleveland Cavaliers,Incoming,Cap Space,,,,,,,,6790000,+$6.79M CAP SPACE
33,2022-09-03,Cleveland Cavaliers,Incoming,Player,Donovan Mitchell,25,SG,,,,,,"Salary: $30,351,780"
33,2022-09-03,Utah Jazz,Outgoing,Cap Space,,,,,,,,-6790000,-$6.79M CAP SPACE
33,2022-09-03,Utah Jazz,Incoming,Player,Collin Sexton,23,PG,,,,,,"Salary: $16,744,186"
33,2022-09-03,Utah Jazz,Incoming,Player,Lauri Markkanen,25,PF,,,,,,"Salary: $16,475,454"
33,2022-09-03,Utah Jazz,Incoming,Player,Ochai Agbaji,22,SF,,,,,,"Salary: $3,918,360"
33,2022-09-03,Utah Jazz,Incoming,Pick,,,,2025,1,unprotected,,
33,2022-09-03,Utah Jazz,Incoming,Pick,,,,2026,1,UTH right to swap,,
33,2022-09-03,Utah Jazz,Incoming,Pick,,,,2027,1,unprotected,,
33,2022-09-03,Utah Jazz,Incoming,Pick,,,,2028,1,UTH right to swap,,
33,2022-09-03,Utah Jazz,Incoming,Pick,,,,2029,1,unprotected,,
34,2022-08-25,Los Angeles Lakers,Outgoing,Cap Space,,,,,,,,-390000,-$0.39M CAP SPACE
34,2022-08-25,Los Angeles Lakers,Incoming,Player,Patrick Beverley,34,PG,,,,,,"Salary: $13,000,000"
34,2022-08-25,Utah Jazz,Incoming,Cap Space,,,,,,,,390000,+$0.39M CAP SPACE
34,2022-08-25,Utah Jazz,Incoming,Player,Talen Horton-Tucker,21,SG,,,,,,"Salary: $10,260,000"
34,2022-08-25,Utah Jazz,Incoming,Player,Stanley Johnson,26,SF,,,,,,"Salary: $2,351,521"
35,2022-07-11,Detroit Pistons,Outgoing,Cap Space,,,,,,,,-19250000,-$19.25M CAP SPACE
35,2022-07-11,Detroit Pistons,Incoming,Player,Alec Burks,30,SG,,,,,,"Salary: $10,012,800"
35,2022-07-11,Detroit Pistons,Incoming,Player,Nerlens Noel,28,C,,,,,,"Salary: $9,240,000"
35,2022-07-11,Detroit Pistons,Incoming,Cash,,,,,,6000000,,$6 Million
35,2022-07-11,Detroit Pistons,Incoming,Pick,,,,2023,2,,,
35,2022-07-11,Detroit Pistons,Incoming,Pick,,,,2024,2,top-55 protected MIA pick,,
35,2022-07-11,New York Knicks,Incoming,Cap Space,,,,,,,,19250000,+$19.25M CAP SPACE
35,2022-07-11,New York Knicks,Incoming,Player,Nikola Radicevic,28,PG,,,,,,
35,2022-07-11,New York Knicks,Incoming,Pick,,,,2025,2,,,
36,2022-07-09,Boston Celtics,Outgoing,Cap Space,,,,,,,,-4340000,-$4.34M CAP SPACE
36,2022-07-09,Boston Celtics,Incoming,Player,Malcolm Brogdon,29,PG,,,,,,"Salary: $22,600,000"
36,2022-07-09,Indiana Pacers,Incoming,Cap Space,,,,,,,,4340000,+$4.34M CAP SPACE
36,2022-07-09,Indiana Pacers,Incoming,Player,Daniel Theis,30,C,,,,,,"Salary: $8,694,369"
36,2022-07-09,Indiana Pacers,Incoming,Player,Aaron Nesmith,22,SF,,,,,,"Salary: $3,804,360"
36,2022-07-09,Indiana Pacers,Incoming,Player,Nik Stauskas,28,SG,,,,,,"Salary: $2,193,920"
36,2022-07-09,Indiana Pacers,Incoming,Player,Juwan Morgan,25,SF,,,,,,"Salary: $1,815,677"
36,2022-07-09,Indiana Pacers,Incoming,Player,Malik Fitts,25,PF,,,,,,"Salary: $1,752,638"
36,2022-07-09,Indiana Pacers,Incoming,Pick,,,,2023,1,,,
37,2022-07-06,Atlanta Hawks,Incoming,Cap Space,,,,,,,,1560000,+$1.56M CAP SPACE
37,2022-07-06,Atlanta Hawks,Incoming,Cash,,,,,,,,,Cash
37,2022-07-06,Phoenix Suns,Outgoing,Cap Space,,,,,,,,-1560000,-$1.56M CAP SPACE
37,2022-07-06,Phoenix Suns,Incoming,Player,Jock Landale,26,C,,,,,,"Salary: $1,563,518"
38,2022-07-06,Minnesota Timberwolves,Outgoing,Cap Space,,,,,,,,-2870000,-$2.87M CAP SPACE
38,2022-07-06,Minnesota Timberwolves,Incoming,Player,Rudy Gobert,30,C,,,,,,"Salary: $38,172,414"
38,2022-07-06,Utah Jazz,Incoming,Cap Space,,,,,,,,2870000,+$2.87M CAP SPACE
38,2022-07-06,Utah Jazz,Incoming,Player,Malik Beasley,25,SG,,,,,,"Salary: $15,458,035"
38,2022-07-06,Utah Jazz,Incoming,Player,Patrick Beverley,33,PG,,,,,,"Salary: $13,000,000"
38,2022-07-06,Utah Jazz,Incoming,Player,Jarred Vanderbilt,23,PF,,,,,,"Salary: $4,374,000"
38,2022-07-06,Utah Jazz,Incoming,Player,Leandro Bolmaro,21,SG,,,,,,"Salary: $2,471,160"
38,2022-07-06,Utah Jazz,Incoming,Player,Walker Kessler,20,C,,,,,,
38,2022-07-06,Utah Jazz,Incoming,Pick,,,,2023,1,top-12 protected (else 2nd-round),,
38,2022-07-06,Utah Jazz,Incoming,Pick,,,,2025,1,unprotected,,
38,2022-07-06,Utah Jazz,Incoming,Pick,,,,2026,1,UTH right to swap,,
38,2022-07-06,Utah Jazz,Incoming,Pick,,,,2027,1,unprotected,,
38,2022-07-06,Utah Jazz,Incoming,Pick,,,,2029,1,top-5 protected,,
39,2022-07-06,Atlanta Hawks,Incoming,Cap Space,,,,,,,,3650000,+$3.65M CAP SPACE
39,2022-07-06,Atlanta Hawks,Incoming,Player,Justin Holiday,33,SG,,,,,,"Salary: $6,292,440"
39,2022-07-06,Atlanta Hawks,Incoming,Player,Maurice Harkless,29,SF,,,,,,"Salary: $4,564,980"
39,2022-07-06,Atlanta Hawks,Incoming,Pick,,,,,,Future 1st Round Pick,,
39,2022-07-06,Sacramento Kings,Outgoing,Cap Space,,,,,,,,-3650000,-$3.65M CAP SPACE
39,2022-07-06,Sacramento Kings,Incoming,Player,Kevin Huerter,23,SG,,,,,,"Salary: $14,508,929"
40,2022-07-06,Denver Nuggets,Incoming,Cap Space,,,,,,,,4770000,+$4.77M CAP SPACE
40,2022-07-06,Denver Nuggets,Incoming,Player,Kentavious Caldwell-Pope,29,SG,,,,,,"Salary: $14,004,703"
40,2022-07-06,Denver Nuggets,Incoming,Player,Ishmael Smith,34,PG,,,,,,"Salary: $4,725,000"
40,2022-07-06,Washington Wizards,Outgoing,Cap Space,,,,,,,,-4770000,-$4.77M CAP SPACE
40,2022-07-06,Washington Wizards,Incoming,Player,Will Barton,31,SG,,,,,,"Salary: $14,375,000"
40,2022-07-06,Washington Wizards,Incoming,Player,Monte Morris,27,PG,,,,,,"Salary: $9,125,000"
41,2022-07-06,Detroit Pistons,Incoming,Cap Space,,,,,,,,20000000,+$20.00M CAP SPACE
41,2022-07-06,Detroit Pistons,Incoming,Player,Gabriele Procida,20,SG,,,,,,
41,2022-07-06,Detroit Pistons,Incoming,Pick,,,,2022,2,,,
41,2022-07-06,Detroit Pistons,Incoming,Pick,,,,2025,1,top-4 protected,,
41,2022-07-06,Detroit Pistons,Incoming,Pick,,,,2026,2,most favorable between POR/NOP,,
41,2022-07-06,Portland Trail Blazers,Outgoing,Cap Space,,,,,,,,-20000000,-$20.00M CAP SPACE
41,2022-07-06,Portland Trail Blazers,Incoming,Player,Jerami Grant,28,PF,,,,,,"Salary: $20,002,500"
41,2022-07-06,Portland Trail Blazers,Incoming,Player,Ismael Kamagate,21,C,,,,,,
42,2022-06-30,Detroit Pistons,Outgoing,Cap Space,,,,,,,,-9170000,-$9.17M CAP SPACE
42,2022-06-30,Detroit Pistons,Incoming,Player,Kemba Walker,32,PG,,,,,,"Salary: $9,165,471"
42,2022-06-30,Detroit Pistons,Incoming,Player,Jalen Duren,18,C,,,,,,
42,2022-06-30,New York Knicks,Incoming,Cap Space,,,,,,,,9170000,+$9.17M CAP SPACE
42,2022-06-30,New York Knicks,Incoming,Pick,,,,2025,1,MIL pick top-4 protected,,
43,2022-07-06,Denver Nuggets,Incoming,Player,Ismael Kamagate,21,C,,,,,,
43,2022-07-06,Portland Trail Blazers,Incoming,Pick,,,,2024,2,,,
44,2022-06-30,Atlanta Hawks,Incoming,Cap Space,,,,,,,,3320000,+$3.32M CAP SPACE
44,2022-06-30,Atlanta Hawks,Incoming,Player,Dejounte Murray,25,PG,,,,,,"Salary: $16,571,120"
44,2022-06-30,Atlanta Hawks,Incoming,Player,Jock Landale,26,C,,,,,,"Salary: $1,563,518"
44,2022-06-30,San Antonio Spurs,Outgoing,Cap Space,,,,,,,,-3320000,-$3.32M CAP SPACE
44,2022-06-30,San Antonio Spurs,Incoming,Player,Danilo Gallinari,33,PF,,,,,,"Salary: $21,450,000"
44,2022-06-30,San Antonio Spurs,Incoming,Pick,,,,2023,1,CHA pick,,
44,2022-06-30,San Antonio Spurs,Incoming,Pick,,,,2025,1,ATL pick unprotected,,
44,2022-06-30,San Antonio Spurs,Incoming,Pick,,,,2026,1,SAS right to swap,,
44,2022-06-30,San Antonio Spurs,Incoming,Pick,,,,2027,1,ATL pick unprotected,,
45,2022-06-30,Utah Jazz,Incoming,Pick,,,,2023,1,lesser of HOU or PHI,,
45,2022-06-30,Brooklyn Nets,Incoming,Player,Royce O'Neale,29,SF,,,,,,