team_id,team_abbreviation,team_name,season_end_year,season_year,style_cluster,style_label,performance_cluster,performance_label
1610612737,ATL,Atlanta Hawks,2013,2012-13,3,Bola em Movimento (alta assistência),0,0: Defensive / Slow Pace
1610612737,ATL,Atlanta Hawks,2014,2013-14,1,Aro Desguarnecido,0,0: Defensive / Slow Pace
1610612737,ATL,Atlanta Hawks,2015,2014-15,1,Aro Desguarnecido,3,3: Elite Contenders
1610612737,ATL,Atlanta Hawks,2016,2015-16,3,Bola em Movimento (alta assistência),3,3: Elite Contenders
1610612737,ATL,Atlanta Hawks,2017,2016-17,0,Alto Turnover,1,1: Offensive / High Pace
1610612737,ATL,Atlanta Hawks,2018,2017-18,1,Aro Desguarnecido,2,2: Rebuilding / Lottery
1610612737,ATL,Atlanta Hawks,2019,2018-19,0,Alto Turnover,1,1: Offensive / High Pace
1610612737,ATL,Atlanta Hawks,2020,2019-20,0,Alto Turnover,2,2: Rebuilding / Lottery
1610612737,ATL,Atlanta Hawks,2021,2020-21,0,Alto Turnover,3,3: Elite Contenders
1610612737,ATL,Atlanta Hawks,2022,2021-22,2,Time Cuidadoso (baixo turnover),0,0: Defensive / Slow Pace
1610612737,ATL,Atlanta Hawks,2023,2022-23,2,Time Cuidadoso (baixo turnover),1,1: Offensive / High Pace
1610612737,ATL,Atlanta Hawks,2024,2023-24,0,Alto Turnover,1,1: Offensive / High Pace
1610612737,ATL,Atlanta Hawks,2025,2024-25,3,Bola em Movimento (alta assistência),1,1: Offensive / High Pace
1610612738,BOS,Boston Celtics,2013,2012-13,1,Aro Desguarnecido,0,0: Defensive / Slow Pace
1610612738,BOS,Boston Celtics,2014,2013-14,1,Aro Desguarnecido,2,2: Rebuilding / Lottery
1610612738,BOS,Boston Celtics,2015,2014-15,3,Bola em Movimento (alta assistência),1,1: Offensive / High Pace
1610612738,BOS,Boston Celtics,2016,2015-16,3,Bola em Movimento (alta assistência),1,1: Offensive / High Pace
1610612738,BOS,Boston Celtics,2017,2016-17,1,Aro Desguarnecido,0,0: Defensive / Slow Pace
1610612738,BOS,Boston Celtics,2018,2017-18,2,Time Cuidadoso (baixo turnover),0,0: Defensive / Slow Pace
1610612738,BOS,Boston Celtics,2019,2018-19,2,Time Cuidadoso (baixo turnover),0,0: Defensive / Slow Pace
1610612738,BOS,Boston Celtics,2020,2019-20,3,Bola em Movimento (alta assistência),3,3: Elite Contenders
1610612738,BOS,Boston Celtics,2021,2020-21,3,Bola em Movimento (alta assistência),1,1: Offensive / High Pace
1610612738,BOS,Boston Celtics,2022,2021-22,2,Time Cuidadoso (baixo turnover),3,3: Elite Contenders
1610612738,BOS,Boston Celtics,2023,2022-23,2,Time Cuidadoso (baixo turnover),3,3: Elite Contenders
1610612738,BOS,Boston Celtics,2024,2023-24,2,Time Cuidadoso (baixo turnover),3,3: Elite Contenders
1610612738,BOS,Boston Celtics,2025,2024-25,2,Time Cuidadoso (baixo turnover),3,3: Elite Contenders
1610612739,CLE,Cleveland Cavaliers,2013,2012-13,1,Aro Desguarnecido,2,2: Rebuilding / Lottery
1610612739,CLE,Cleveland Cavaliers,2014,2013-14,2,Time Cuidadoso (baixo turnover),1,1: Offensive / High Pace
1610612739,CLE,Cleveland Cavaliers,2015,2014-15,1,Aro Desguarnecido,3,3: Elite Contenders
1610612739,CLE,Cleveland Cavaliers,2016,2015-16,2,Time Cuidadoso (baixo turnover),3,3: Elite Contenders
1610612739,CLE,Cleveland Cavaliers,2017,2016-17,2,Time Cuidadoso (baixo turnover),3,3: Elite Contenders
1610612739,CLE,Cleveland Cavaliers,2018,2017-18,1,Aro Desguarnecido,0,0: Defensive / Slow Pace
1610612739,CLE,Cleveland Cavaliers,2019,2018-19,1,Aro Desguarnecido,2,2: Rebuilding / Lottery
1610612739,CLE,Cleveland Cavaliers,2020,2019-20,1,Aro Desguarnecido,2,2: Rebuilding / Lottery
1610612739,CLE,Cleveland Cavaliers,2021,2020-21,1,Aro Desguarnecido,2,2: Rebuilding / Lottery
1610612739,CLE,Cleveland Cavaliers,2022,2021-22,1,Aro Desguarnecido,0,0: Defensive / Slow Pace
1610612739,CLE,Cleveland Cavaliers,2023,2022-23,1,Aro Desguarnecido,0,0: Defensive / Slow Pace
1610612739,CLE,Cleveland Cavaliers,2024,2023-24,2,Time Cuidadoso (baixo turnover),0,0: Defensive / Slow Pace
1610612739,CLE,Cleveland Cavaliers,2025,2024-25,3,Bola em Movimento (alta assistência),3,3: Elite Contenders
1610612740,NOH,New Orleans Hornets,2013,2012-13,1,Aro Desguarnecido,2,2: Rebuilding / Lottery
1610612740,NOH,New Orleans Hornets,2014,2013-14,3,Bola em Movimento (alta assistência),1,1: Offensive / High Pace
1610612740,NOH,New Orleans Hornets,2015,2014-15,2,Time Cuidadoso (baixo turnover),0,0: Defensive / Slow Pace
1610612740,NOH,New Orleans Hornets,2016,2015-16,1,Aro Desguarnecido,1,1: Offensive / High Pace
1610612740,NOH,New Orleans Hornets,2017,2016-17,2,Time Cuidadoso (baixo turnover),1,1: Offensive / High Pace
1610612740,NOH,New Orleans Hornets,2018,2017-18,3,Bola em Movimento (alta assistência),1,1: Offensive / High Pace
1610612740,NOH,New Orleans Hornets,2019,2018-19,3,Bola em Movimento (alta assistência),1,1: Offensive / High Pace
1610612740,NOH,New Orleans Hornets,2020,2019-20,3,Bola em Movimento (alta assistência),1,1: Offensive / High Pace
1610612740,NOH,New Orleans Hornets,2021,2020-21,0,Alto Turnover,1,1: Offensive / High Pace
1610612740,NOH,New Orleans Hornets,2022,2021-22,0,Alto Turnover,1,1: Offensive / High Pace
1610612740,NOH,New Orleans Hornets,2023,2022-23,0,Alto Turnover,0,0: Defensive / Slow Pace
1610612740,NOH,New Orleans Hornets,2024,2023-24,1,Aro Desguarnecido,3,3: Elite Contenders
1610612740,NOH,New Orleans Hornets,2025,2024-25,3,Bola em Movimento (alta assistência),2,2: Rebuilding / Lottery
1610612741,CHI,Chicago Bulls,2013,2012-13,2,Time Cuidadoso (baixo turnover),0,0: Defensive / Slow Pace
1610612741,CHI,Chicago Bulls,2014,2013-14,2,Time Cuidadoso (baixo turnover),0,0: Defensive / Slow Pace
1610612741,CHI,Chicago Bulls,2015,2014-15,0,Alto Turnover,3,3: Elite Contenders
1610612741,CHI,Chicago Bulls,2016,2015-16,2,Time Cuidadoso (baixo turnover),1,1: Offensive / High Pace
1610612741,CHI,Chicago Bulls,2017,2016-17,0,Alto Turnover,0,0: Defensive / Slow Pace
1610612741,CHI,Chicago Bulls,2018,2017-18,2,Time Cuidadoso (baixo turnover),2,2: Rebuilding / Lottery
1610612741,CHI,Chicago Bulls,2019,2018-19,1,Aro Desguarnecido,2,2: Rebuilding / Lottery
1610612741,CHI,Chicago Bulls,2020,2019-20,1,Aro Desguarnecido,2,2: Rebuilding / Lottery
1610612741,CHI,Chicago Bulls,2021,2020-21,2,Time Cuidadoso (baixo turnover),0,0: Defensive / Slow Pace
1610612741,CHI,Chicago Bulls,2022,2021-22,2,Time Cuidadoso (baixo turnover),0,0: Defensive / Slow Pace
1610612741,CHI,Chicago Bulls,2023,2022-23,2,Time Cuidadoso (baixo turnover),0,0: Defensive / Slow Pace
1610612741,CHI,Chicago Bulls,2024,2023-24,2,Time Cuidadoso (baixo turnover),1,1: Offensive / High Pace
1610612741,CHI,Chicago Bulls,2025,2024-25,2,Time Cuidadoso (baixo turnover),3,3: Elite Contenders
1610612742,DAL,Dallas Mavericks,2013,2012-13,2,Time Cuidadoso (baixo turnover),1,1: Offensive / High Pace
1610612742,DAL,Dallas Mavericks,2014,2013-14,1,Aro Desguarnecido,3,3: Elite Contenders
1610612742,DAL,Dallas Mavericks,2015,2014-15,3,Bola em Movimento (alta assistência),3,3: Elite Contenders
1610612742,DAL,Dallas Mavericks,2016,2015-16,2,Time Cuidadoso (baixo turnover),1,1: Offensive / High Pace
1610612742,DAL,Dallas Mavericks,2017,2016-17,1,Aro Desguarnecido,2,2: Rebuilding / Lottery
1610612742,DAL,Dallas Mavericks,2018,2017-18,2,Time Cuidadoso (baixo turnover),2,2: Rebuilding / Lottery
1610612742,DAL,Dallas Mavericks,2019,2018-19,1,Aro Desguarnecido,0,0: Defensive / Slow Pace
1610612742,DAL,Dallas Mavericks,2020,2019-20,2,Time Cuidadoso (baixo turnover),3,3: Elite Contenders
1610612742,DAL,Dallas Mavericks,2021,2020-21,2,Time Cuidadoso (baixo turnover),0,0: Defensive / Slow Pace
1610612742,DAL,Dallas Mavericks,2022,2021-22,1,Aro Desguarnecido,0,0: Defensive / Slow Pace
1610612742,DAL,Dallas Mavericks,2023,2022-23,1,Aro Desguarnecido,0,0: Defensive / Slow Pace
1610612742,DAL,Dallas Mavericks,2024,2023-24,2,Time Cuidadoso (baixo turnover),3,3: Elite Contenders
1610612742,DAL,Dallas Mavericks,2025,2024-25,2,Time Cuidadoso (baixo turnover),0,0: Defensive / Slow Pace
1610612743,DEN,Denver Nuggets,2013,2012-13,0,Alto Turnover,1,1: Offensive / High Pace
1610612743,DEN,Denver Nuggets,2014,2013-14,0,Alto Turnover,1,1: Offensive / High Pace
1610612743,DEN,Denver Nuggets,2015,2014-15,0,Alto Turnover,1,1: Offensive / High Pace
1610612743,DEN,Denver Nuggets,2016,2015-16,0,Alto Turnover,1,1: Offensive / High Pace
1610612743,DEN,Denver Nuggets,2017,2016-17,0,Alto Turnover,1,1: Offensive / High Pace
1610612743,DEN,Denver Nuggets,2018,2017-18,3,Bola em Movimento (alta assistência),3,3: Elite Contenders
1610612743,DEN,Denver Nuggets,2019,2018-19,2,Time Cuidadoso (baixo turnover),0,0: Defensive / Slow Pace
1610612743,DEN,Denver Nuggets,2020,2019-20,2,Time Cuidadoso (baixo turnover),0,0: Defensive / Slow Pace
1610612743,DEN,Denver Nuggets,2021,2020-21,0,Alto Turnover,1,1: Offensive / High Pace
1610612743,DEN,Denver Nuggets,2022,2021-22,1,Aro Desguarnecido,3,3: Elite Contenders
1610612743,DEN,Denver Nuggets,2023,2022-23,2,Time Cuidadoso (baixo turnover),0,0: Defensive / Slow Pace
1610612743,DEN,Denver Nuggets,2024,2023-24,2,Time Cuidadoso (baixo turnover),0,0: Defensive / Slow Pace
1610612743,DEN,Denver Nuggets,2025,2024-25,0,Alto Turnover,3,3: Elite Contenders
1610612744,GSW,Golden State Warriors,2013,2012-13,0,Alto Turnover,3,3: Elite Contenders
1610612744,GSW,Golden State Warriors,2014,2013-14,3,Bola em Movimento (alta assistência),3,3: Elite Contenders
1610612744,GSW,Golden State Warriors,2015,2014-15,3,Bola em Movimento (alta assistência),3,3: Elite Contenders
1610612744,GSW,Golden State Warriors,2016,2015-16,3,Bola em Movimento (alta assistência),3,3: Elite Contenders
1610612744,GSW,Golden State Warriors,2017,2016-17,3,Bola em Movimento (alta assistência),3,3: Elite Contenders
1610612744,GSW,Golden State Warriors,2018,2017-18,3,Bola em Movimento (alta assistência),3,3: Elite Contenders
1610612744,GSW,Golden State Warriors,2019,2018-19,3,Bola em Movimento (alta assistência),3,3: Elite Contenders
1610612744,GSW,Golden State Warriors,2020,2019-20,0,Alto Turnover,2,2: Rebuilding / Lottery
1610612744,GSW,Golden State Warriors,2021,2020-21,3,Bola em Movimento (alta assistência),3,3: Elite Contenders
1610612744,GSW,Golden State Warriors,2022,2021-22,3,Bola em Movimento (alta assistência),3,3: Elite Contenders
1610612744,GSW,Golden State Warriors,2023,2022-23,0,Alto Turnover,3,3: Elite Contenders
1610612744,GSW,Golden State Warriors,2024,2023-24,0,Alto Turnover,1,1: Offensive / High Pace
1610612744,GSW,Golden State Warriors,2025,2024-25,3,Bola em Movimento (alta assistência),3,3: Elite Contenders
1610612745,HOU,Houston Rockets,2013,2012-13,3,Bola em Movimento (alta assistência),3,3: Elite Contenders
1610612745,HOU,Houston Rockets,2014,2013-14,0,Alto Turnover,3,3: Elite Contenders
1610612745,HOU,Houston Rockets,2015,2014-15,3,Bola em Movimento (alta assistência),3,3: Elite Contenders
1610612745,HOU,Houston Rockets,2016,2015-16,0,Alto Turnover,1,1: Offensive / High Pace
1610612745,HOU,Houston Rockets,2017,2016-17,0,Alto Turnover,3,3: Elite Contenders
1610612745,HOU,Houston Rockets,2018,2017-18,1,Aro Desguarnecido,3,3: Elite Contenders
1610612745,HOU,Houston Rockets,2019,2018-19,1,Aro Desguarnecido,3,3: Elite Contenders
1610612745,HOU,Houston Rockets,2020,2019-20,0,Alto Turnover,3,3: Elite Contenders
1610612745,HOU,Houston Rockets,2021,2020-21,1,Aro Desguarnecido,2,2: Rebuilding / Lottery
1610612745,HOU,Houston Rockets,2022,2021-22,1,Aro Desguarnecido,2,2: Rebuilding / Lottery
1610612745,HOU,Houston Rockets,2023,2022-23,0,Alto Turnover,2,2: Rebuilding / Lottery
1610612745,HOU,Houston Rockets,2024,2023-24,0,Alto Turnover,1,1: Offensive / High Pace
1610612745,HOU,Houston Rockets,2025,2024-25,0,Alto Turnover,1,1: Offensive / High Pace
1610612746,LAC,LA Clippers,2013,2012-13,3,Bola em Movimento (alta assistência),3,3: Elite Contenders
1610612746,LAC,LA Clippers,2014,2013-14,3,Bola em Movimento (alta assistência),3,3: Elite Contenders
1610612746,LAC,LA Clippers,2015,2014-15,2,Time Cuidadoso (baixo turnover),3,3: Elite Contenders
1610612746,LAC,LA Clippers,2016,2015-16,1,Aro Desguarnecido,3,3: Elite Contenders
1610612746,LAC,LA Clippers,2017,2016-17,1,Aro Desguarnecido,3,3: Elite Contenders
1610612746,LAC,LA Clippers,2018,2017-18,0,Alto Turnover,1,1: Offensive / High Pace
1610612746,LAC,LA Clippers,2019,2018-19,0,Alto Turnover,3,3: Elite Contenders
1610612746,LAC,LA Clippers,2020,2019-20,0,Alto Turnover,3,3: Elite Contenders
1610612746,LAC,LA Clippers,2021,2020-21,1,Aro Desguarnecido,0,0: Defensive / Slow Pace
1610612746,LAC,LA Clippers,2022,2021-22,2,Time Cuidadoso (baixo turnover),0,0: Defensive / Slow Pace
1610612746,LAC,LA Clippers,2023,2022-23,1,Aro Desguarnecido,0,0: Defensive / Slow Pace
1610612746,LAC,LA Clippers,2024,2023-24,1,Aro Desguarnecido,0,0: Defensive / Slow Pace
1610612746,LAC,LA Clippers,2025,2024-25,1,Aro Desguarnecido,0,0: Defensive / Slow Pace
1610612747,LAL,Los Angeles Lakers,2013,2012-13,0,Alto Turnover,3,3: Elite Contenders
1610612747,LAL,Los Angeles Lakers,2014,2013-14,3,Bola em Movimento (alta assistência),2,2: Rebuilding / Lottery
1610612747,LAL,Los Angeles Lakers,2015,2014-15,0,Alto Turnover,2,2: Rebuilding / Lottery
1610612747,LAL,Los Angeles Lakers,2016,2015-16,1,Aro Desguarnecido,2,2: Rebuilding / Lottery
1610612747,LAL,Los Angeles Lakers,2017,2016-17,0,Alto Turnover,2,2: Rebuilding / Lottery
1610612747,LAL,Los Angeles Lakers,2018,2017-18,0,Alto Turnover,1,1: Offensive / High Pace
1610612747,LAL,Los Angeles Lakers,2019,2018-19,3,Bola em Movimento (alta assistência),1,1: Offensive / High Pace
1610612747,LAL,Los Angeles Lakers,2020,2019-20,3,Bola em Movimento (alta assistência),3,3: Elite Contenders
1610612747,LAL,Los Angeles Lakers,2021,2020-21,1,Aro Desguarnecido,0,0: Defensive / Slow Pace
1610612747,LAL,Los Angeles Lakers,2022,2021-22,3,Bola em Movimento (alta assistência),1,1: Offensive / High Pace
1610612747,LAL,Los Angeles Lakers,2023,2022-23,0,Alto Turnover,1,1: Offensive / High Pace
1610612747,LAL,Los Angeles Lakers,2024,2023-24,2,Time Cuidadoso (baixo turnover),1,1: Offensive / High Pace
1610612747,LAL,Los Angeles Lakers,2025,2024-25,1,Aro Desguarnecido,0,0: Defensive / Slow Pace
1610612748,MIA,Miami Heat,2013,2012-13,1,Aro Desguarnecido,3,3: Elite Contenders
1610612748,MIA,Miami Heat,2014,2013-14,1,Aro Desguarnecido,0,0: Defensive / Slow Pace
1610612748,MIA,Miami Heat,2015,2014-15,1,Aro Desguarnecido,0,0: Defensive / Slow Pace
1610612748,MIA,Miami Heat,2016,2015-16,2,Time Cuidadoso (baixo turnover),0,0: Defensive / Slow Pace
1610612748,MIA,Miami Heat,2017,2016-17,2,Time Cuidadoso (baixo turnover),0,0: Defensive / Slow Pace
1610612748,MIA,Miami Heat,2018,2017-18,0,Alto Turnover,1,1: Offensive / High Pace
1610612748,MIA,Miami Heat,2019,2018-19,2,Time Cuidadoso (baixo turnover),0,0: Defensive / Slow Pace
1610612748,MIA,Miami Heat,2020,2019-20,1,Aro Desguarnecido,3,3: Elite Contenders
1610612748,MIA,Miami Heat,2021,2020-21,1,Aro Desguarnecido,0,0: Defensive / Slow Pace
1610612748,MIA,Miami Heat,2022,2021-22,1,Aro Desguarnecido,3,3: Elite Contenders
1610612748,MIA,Miami Heat,2023,2022-23,1,Aro Desguarnecido,0,0: Defensive / Slow Pace
1610612748,MIA,Miami Heat,2024,2023-24,1,Aro Desguarnecido,0,0: Defensive / Slow Pace
1610612748,MIA,Miami Heat,2025,2024-25,2,Time Cuidadoso (baixo turnover),0,0: Defensive / Slow Pace
1610612749,MIL,Milwaukee Bucks,2013,2012-13,3,Bola em Movimento (alta assistência),1,1: Offensive / High Pace
1610612749,MIL,Milwaukee Bucks,2014,2013-14,1,Aro Desguarnecido,2,2: Rebuilding / Lottery
1610612749,MIL,Milwaukee Bucks,2015,2014-15,0,Alto Turnover,1,1: Offensive / High Pace
1610612749,MIL,Milwaukee Bucks,2016,2015-16,1,Aro Desguarnecido,2,2: Rebuilding / Lottery
1610612749,MIL,Milwaukee Bucks,2017,2016-17,1,Aro Desguarnecido,0,0: Defensive / Slow Pace
1610612749,MIL,Milwaukee Bucks,2018,2017-18,1,Aro Desguarnecido,0,0: Defensive / Slow Pace
1610612749,MIL,Milwaukee Bucks,2019,2018-19,2,Time Cuidadoso (baixo turnover),3,3: Elite Contenders
1610612749,MIL,Milwaukee Bucks,2020,2019-20,0,Alto Turnover,3,3: Elite Contenders
1610612749,MIL,Milwaukee Bucks,2021,2020-21,3,Bola em Movimento (alta assistência),3,3: Elite Contenders
1610612749,MIL,Milwaukee Bucks,2022,2021-22,2,Time Cuidadoso (baixo turnover),3,3: Elite Contenders
1610612749,MIL,Milwaukee Bucks,2023,2022-23,0,Alto Turnover,3,3: Elite Contenders
1610612749,MIL,Milwaukee Bucks,2024,2023-24,0,Alto Turnover,3,3: Elite Contenders
1610612749,MIL,Milwaukee Bucks,2025,2024-25,1,Aro Desguarnecido,0,0: Defensive / Slow Pace
1610612750,MIN,Minnesota Timberwolves,2013,2012-13,0,Alto Turnover,2,2: Rebuilding / Lottery
1610612750,MIN,Minnesota Timberwolves,2014,2013-14,3,Bola em Movimento (alta assistência),1,1: Offensive / High Pace
1610612750,MIN,Minnesota Timberwolves,2015,2014-15,1,Aro Desguarnecido,2,2: Rebuilding / Lottery
1610612750,MIN,Minnesota Timberwolves,2016,2015-16,1,Aro Desguarnecido,1,1: Offensive / High Pace
1610612750,MIN,Minnesota Timberwolves,2017,2016-17,1,Aro Desguarnecido,0,0: Defensive / Slow Pace
1610612750,MIN,Minnesota Timberwolves,2018,2017-18,1,Aro Desguarnecido,1,1: Offensive / High Pace
1610612750,MIN,Minnesota Timberwolves,2019,2018-19,0,Alto Turnover,1,1: Offensive / High Pace
1610612750,MIN,Minnesota Timberwolves,2020,2019-20,3,Bola em Movimento (alta assistência),1,1: Offensive / High Pace
1610612750,MIN,Minnesota Timberwolves,2021,2020-21,3,Bola em Movimento (alta assistência),1,1: Offensive / High Pace
1610612750,MIN,Minnesota Timberwolves,2022,2021-22,3,Bola em Movimento (alta assistência),3,3: Elite Contenders
1610612750,MIN,Minnesota Timberwolves,2023,2022-23,3,Bola em Movimento (alta assistência),1,1: Offensive / High Pace
1610612750,MIN,Minnesota Timberwolves,2024,2023-24,1,Aro Desguarnecido,0,0: Defensive / Slow Pace
1610612750,MIN,Minnesota Timberwolves,2025,2024-25,1,Aro Desguarnecido,0,0: Defensive / Slow Pace
1610612751,BKN,Brooklyn Nets,2013,2012-13,1,Aro Desguarnecido,0,0: Defensive / Slow Pace
1610612751,BKN,Brooklyn Nets,2014,2013-14,1,Aro Desguarnecido,0,0: Defensive / Slow Pace
1610612751,BKN,Brooklyn Nets,2015,2014-15,1,Aro Desguarnecido,0,0: Defensive / Slow Pace
1610612751,BKN,Brooklyn Nets,2016,2015-16,1,Aro Desguarnecido,2,2: Rebuilding / Lottery
1610612751,BKN,Brooklyn Nets,2017,2016-17,0,Alto Turnover,2,2: Rebuilding / Lottery
1610612751,BKN,Brooklyn Nets,2018,2017-18,0,Alto Turnover,1,1: Offensive / High Pace
1610612751,BKN,Brooklyn Nets,2019,2018-19,0,Alto Turnover,1,1: Offensive / High Pace
1610612751,BKN,Brooklyn Nets,2020,2019-20,0,Alto Turnover,1,1: Offensive / High Pace
1610612751,BKN,Brooklyn Nets,2021,2020-21,2,Time Cuidadoso (baixo turnover),3,3: Elite Contenders
1610612751,BKN,Brooklyn Nets,2022,2021-22,3,Bola em Movimento (alta assistência),0,0: Defensive / Slow Pace
1610612751,BKN,Brooklyn Nets,2023,2022-23,1,Aro Desguarnecido,0,0: Defensive / Slow Pace
1610612751,BKN,Brooklyn Nets,2024,2023-24,0,Alto Turnover,1,1: Offensive / High Pace
1610612751,BKN,Brooklyn Nets,2025,2024-25,1,Aro Desguarnecido,2,2: Rebuilding / Lottery
1610612752,NYK,New York Knicks,2013,2012-13,1,Aro Desguarnecido,3,3: Elite Contenders
1610612752,NYK,New York Knicks,2014,2013-14,1,Aro Desguarnecido,0,0: Defensive / Slow Pace
1610612752,NYK,New York Knicks,2015,2014-15,1,Aro Desguarnecido,2,2: Rebuilding / Lottery
1610612752,NYK,New York Knicks,2016,2015-16,2,Time Cuidadoso (baixo turnover),0,0: Defensive / Slow Pace
1610612752,NYK,New York Knicks,2017,2016-17,0,Alto Turnover,1,1: Offensive / High Pace
1610612752,NYK,New York Knicks,2018,2017-18,2,Time Cuidadoso (baixo turnover),2,2: Rebuilding / Lottery
1610612752,NYK,New York Knicks,2019,2018-19,1,Aro Desguarnecido,2,2: Rebuilding / Lottery
1610612752,NYK,New York Knicks,2020,2019-20,0,Alto Turnover,2,2: Rebuilding / Lottery
1610612752,NYK,New York Knicks,2021,2020-21,1,Aro Desguarnecido,0,0: Defensive / Slow Pace
1610612752,NYK,New York Knicks,2022,2021-22,0,Alto Turnover,1,1: Offensive / High Pace
1610612752,NYK,New York Knicks,2023,2022-23,3,Bola em Movimento (alta assistência),1,1: Offensive / High Pace
1610612752,NYK,New York Knicks,2024,2023-24,2,Time Cuidadoso (baixo turnover),0,0: Defensive / Slow Pace
1610612752,NYK,New York Knicks,2025,2024-25,2,Time Cuidadoso (baixo turnover),0,0: Defensive / Slow Pace
1610612753,ORL,Orlando Magic,2013,2012-13,2,Time Cuidadoso (baixo turnover),2,2: Rebuilding / Lottery
1610612753,ORL,Orlando Magic,2014,2013-14,2,Time Cuidadoso (baixo turnover),2,2: Rebuilding / Lottery
1610612753,ORL,Orlando Magic,2015,2014-15,1,Aro Desguarnecido,2,2: Rebuilding / Lottery
1610612753,ORL,Orlando Magic,2016,2015-16,3,Bola em Movimento (alta assistência),1,1: Offensive / High Pace
1610612753,ORL,Orlando Magic,2017,2016-17,2,Time Cuidadoso (baixo turnover),2,2: Rebuilding / Lottery
1610612753,ORL,Orlando Magic,2018,2017-18,1,Aro Desguarnecido,2,2: Rebuilding / Lottery
1610612753,ORL,Orlando Magic,2019,2018-19,2,Time Cuidadoso (baixo turnover),0,0: Defensive / Slow Pace
1610612753,ORL,Orlando Magic,2020,2019-20,2,Time Cuidadoso (baixo turnover),0,0: Defensive / Slow Pace
1610612753,ORL,Orlando Magic,2021,2020-21,2,Time Cuidadoso (baixo turnover),2,2: Rebuilding / Lottery
1610612753,ORL,Orlando Magic,2022,2021-22,2,Time Cuidadoso (baixo turnover),2,2: Rebuilding / Lottery
1610612753,ORL,Orlando Magic,2023,2022-23,1,Aro Desguarnecido,2,2: Rebuilding / Lottery
1610612753,ORL,Orlando Magic,2024,2023-24,1,Aro Desguarnecido,0,0: Defensive / Slow Pace
1610612753,ORL,Orlando Magic,2025,2024-25,1,Aro Desguarnecido,0,0: Defensive / Slow Pace
1610612754,IND,Indiana Pacers,2013,2012-13,0,Alto Turnover,0,0: Defensive / Slow Pace
1610612754,IND,Indiana Pacers,2014,2013-14,2,Time Cuidadoso (baixo turnover),0,0: Defensive / Slow Pace
1610612754,IND,Indiana Pacers,2015,2014-15,2,Time Cuidadoso (baixo turnover),0,0: Defensive / Slow Pace
1610612754,IND,Indiana Pacers,2016,2015-16,3,Bola em Movimento (alta assistência),0,0: Defensive / Slow Pace
1610612754,IND,Indiana Pacers,2017,2016-17,1,Aro Desguarnecido,0,0: Defensive / Slow Pace
1610612754,IND,Indiana Pacers,2018,2017-18,1,Aro Desguarnecido,0,0: Defensive / Slow Pace
1610612754,IND,Indiana Pacers,2019,2018-19,1,Aro Desguarnecido,0,0: Defensive / Slow Pace
1610612754,IND,Indiana Pacers,2020,2019-20,2,Time Cuidadoso (baixo turnover),0,0: Defensive / Slow Pace
1610612754,IND,Indiana Pacers,2021,2020-21,3,Bola em Movimento (alta assistência),1,1: Offensive / High Pace
1610612754,IND,Indiana Pacers,2022,2021-22,0,Alto Turnover,1,1: Offensive / High Pace
1610612754,IND,Indiana Pacers,2023,2022-23,3,Bola em Movimento (alta assistência),1,1: Offensive / High Pace
1610612754,IND,Indiana Pacers,2024,2023-24,3,Bola em Movimento (alta assistência),3,3: Elite Contenders
1610612754,IND,Indiana Pacers,2025,2024-25,2,Time Cuidadoso (baixo turnover),1,1: Offensive / High Pace
1610612755,PHI,Philadelphia 76ers,2013,2012-13,2,Time Cuidadoso (baixo turnover),0,0: Defensive / Slow Pace
1610612755,PHI,Philadelphia 76ers,2014,2013-14,3,Bola em Movimento (alta assistência),2,2: Rebuilding / Lottery
1610612755,PHI,Philadelphia 76ers,2015,2014-15,0,Alto Turnover,2,2: Rebuilding / Lottery
1610612755,PHI,Philadelphia 76ers,2016,2015-16,1,Aro Desguarnecido,2,2: Rebuilding / Lottery
1610612755,PHI,Philadelphia 76ers,2017,2016-17,3,Bola em Movimento (alta assistência),2,2: Rebuilding / Lottery
1610612755,PHI,Philadelphia 76ers,2018,2017-18,0,Alto Turnover,3,3: Elite Contenders
1610612755,PHI,Philadelphia 76ers,2019,2018-19,0,Alto Turnover,3,3: Elite Contenders
1610612755,PHI,Philadelphia 76ers,2020,2019-20,3,Bola em Movimento (alta assistência),0,0: Defensive / Slow Pace
1610612755,PHI,Philadelphia 76ers,2021,2020-21,0,Alto Turnover,3,3: Elite Contenders
1610612755,PHI,Philadelphia 76ers,2022,2021-22,1,Aro Desguarnecido,0,0: Defensive / Slow Pace
1610612755,PHI,Philadelphia 76ers,2023,2022-23,1,Aro Desguarnecido,0,0: Defensive / Slow Pace
1610612755,PHI,Philadelphia 76ers,2024,2023-24,3,Bola em Movimento (alta assistência),3,3: Elite Contenders
1610612755,PHI,Philadelphia 76ers,2025,2024-25,1,Aro Desguarnecido,2,2: Rebuilding / Lottery
1610612756,PHX,Phoenix Suns,2013,2012-13,3,Bola em Movimento (alta assistência),2,2: Rebuilding / Lottery
1610612756,PHX,Phoenix Suns,2014,2013-14,1,Aro Desguarnecido,3,3: Elite Contenders
1610612756,PHX,Phoenix Suns,2015,2014-15,3,Bola em Movimento (alta assistência),1,1: Offensive / High Pace
1610612756,PHX,Phoenix Suns,2016,2015-16,0,Alto Turnover,2,2: Rebuilding / Lottery
1610612756,PHX,Phoenix Suns,2017,2016-17,0,Alto Turnover,1,1: Offensive / High Pace
1610612756,PHX,Phoenix Suns,2018,2017-18,0,Alto Turnover,2,2: Rebuilding / Lottery
1610612756,PHX,Phoenix Suns,2019,2018-19,1,Aro Desguarnecido,2,2: Rebuilding / Lottery
1610612756,PHX,Phoenix Suns,2020,2019-20,1,Aro Desguarnecido,0,0: Defensive / Slow Pace
1610612756,PHX,Phoenix Suns,2021,2020-21,2,Time Cuidadoso (baixo turnover),3,3: Elite Contenders
1610612756,PHX,Phoenix Suns,2022,2021-22,3,Bola em Movimento (alta assistência),3,3: Elite Contenders
1610612756,PHX,Phoenix Suns,2023,2022-23,3,Bola em Movimento (alta assistência),0,0: Defensive / Slow Pace
1610612756,PHX,Phoenix Suns,2024,2023-24,0,Alto Turnover,3,3: Elite Contenders
1610612756,PHX,Phoenix Suns,2025,2024-25,2,Time Cuidadoso (baixo turnover),0,0: Defensive / Slow Pace
1610612757,POR,Portland Trail Blazers,2013,2012-13,1,Aro Desguarnecido,2,2: Rebuilding / Lottery
1610612757,POR,Portland Trail Blazers,2014,2013-14,2,Time Cuidadoso (baixo turnover),3,3: Elite Contenders
1610612757,POR,Portland Trail Blazers,2015,2014-15,2,Time Cuidadoso (baixo turnover),3,3: Elite Contenders
1610612757,POR,Portland Trail Blazers,2016,2015-16,3,Bola em Movimento (alta assistência),3,3: Elite Contenders
1610612757,POR,Portland Trail Blazers,2017,2016-17,0,Alto Turnover,1,1: Offensive / High Pace
1610612757,POR,Portland Trail Blazers,2018,2017-18,0,Alto Turnover,0,0: Defensive / Slow Pace
1610612757,POR,Portland Trail Blazers,2019,2018-19,0,Alto Turnover,3,3: Elite Contenders
1610612757,POR,Portland Trail Blazers,2020,2019-20,2,Time Cuidadoso (baixo turnover),0,0: Defensive / Slow Pace
1610612757,POR,Portland Trail Blazers,2021,2020-21,2,Time Cuidadoso (baixo turnover),0,0: Defensive / Slow Pace
1610612757,POR,Portland Trail Blazers,2022,2021-22,1,Aro Desguarnecido,2,2: Rebuilding / Lottery
1610612757,POR,Portland Trail Blazers,2023,2022-23,1,Aro Desguarnecido,2,2: Rebuilding / Lottery
1610612757,POR,Portland Trail Blazers,2024,2023-24,1,Aro Desguarnecido,2,2: Rebuilding / Lottery
1610612757,POR,Portland Trail Blazers,2025,2024-25,0,Alto Turnover,2,2: Rebuilding / Lottery
1610612758,SAC,Sacramento Kings,2013,2012-13,3,Bola em Movimento (alta assistência),2,2: Rebuilding / Lottery
1610612758,SAC,Sacramento Kings,2014,2013-14,0,Alto Turnover,2,2: Rebuilding / Lottery
1610612758,SAC,Sacramento Kings,2015,2014-15,0,Alto Turnover,1,1: Offensive / High Pace
1610612758,SAC,Sacramento Kings,2016,2015-16,0,Alto Turnover,1,1: Offensive / High Pace
1610612758,SAC,Sacramento Kings,2017,2016-17,1,Aro Desguarnecido,2,2: Rebuilding / Lottery
1610612758,SAC,Sacramento Kings,2018,2017-18,1,Aro Desguarnecido,2,2: Rebuilding / Lottery
1610612758,SAC,Sacramento Kings,2019,2018-19,3,Bola em Movimento (alta assistência),1,1: Offensive / High Pace
1610612758,SAC,Sacramento Kings,2020,2019-20,1,Aro Desguarnecido,1,1: Offensive / High Pace
1610612758,SAC,Sacramento Kings,2021,2020-21,1,Aro Desguarnecido,2,2: Rebuilding / Lottery
1610612758,SAC,Sacramento Kings,2022,2021-22,1,Aro Desguarnecido,2,2: Rebuilding / Lottery
1610612758,SAC,Sacramento Kings,2023,2022-23,1,Aro Desguarnecido,3,3: Elite Contenders
1610612758,SAC,Sacramento Kings,2024,2023-24,3,Bola em Movimento (alta assistência),1,1: Offensive / High Pace
1610612758,SAC,Sacramento Kings,2025,2024-25,2,Time Cuidadoso (baixo turnover),1,1: Offensive / High Pace
1610612759,SAS,San Antonio Spurs,2013,2012-13,2,Time Cuidadoso (baixo turnover),3,3: Elite Contenders
1610612759,SAS,San Antonio Spurs,2014,2013-14,2,Time Cuidadoso (baixo turnover),3,3: Elite Contenders
1610612759,SAS,San Antonio Spurs,2015,2014-15,3,Bola em Movimento (alta assistência),3,3: Elite Contenders
1610612759,SAS,San Antonio Spurs,2016,2015-16,2,Time Cuidadoso (baixo turnover),0,0: Defensive / Slow Pace
1610612759,SAS,San Antonio Spurs,2017,2016-17,2,Time Cuidadoso (baixo turnover),0,0: Defensive / Slow Pace
1610612759,SAS,San Antonio Spurs,2018,2017-18,2,Time Cuidadoso (baixo turnover),0,0: Defensive / Slow Pace
1610612759,SAS,San Antonio Spurs,2019,2018-19,2,Time Cuidadoso (baixo turnover),0,0: Defensive / Slow Pace
1610612759,SAS,San Antonio Spurs,2020,2019-20,2,Time Cuidadoso (baixo turnover),1,1: Offensive / High Pace
1610612759,SAS,San Antonio Spurs,2021,2020-21,2,Time Cuidadoso (baixo turnover),1,1: Offensive / High Pace
1610612759,SAS,San Antonio Spurs,2022,2021-22,3,Bola em Movimento (alta assistência),1,1: Offensive / High Pace
1610612759,SAS,San Antonio Spurs,2023,2022-23,3,Bola em Movimento (alta assistência),2,2: Rebuilding / Lottery
1610612759,SAS,San Antonio Spurs,2024,2023-24,2,Time Cuidadoso (baixo turnover),2,2: Rebuilding / Lottery
1610612759,SAS,San Antonio Spurs,2025,2024-25,2,Time Cuidadoso (baixo turnover),0,0: Defensive / Slow Pace
1610612760,OKC,Oklahoma City Thunder,2013,2012-13,0,Alto Turnover,3,3: Elite Contenders
1610612760,OKC,Oklahoma City Thunder,2014,2013-14,0,Alto Turnover,3,3: Elite Contenders
1610612760,OKC,Oklahoma City Thunder,2015,2014-15,0,Alto Turnover,1,1: Offensive / High Pace
1610612760,OKC,Oklahoma City Thunder,2016,2015-16,0,Alto Turnover,3,3: Elite Contenders
1610612760,OKC,Oklahoma City Thunder,2017,2016-17,0,Alto Turnover,1,1: Offensive / High Pace
1610612760,OKC,Oklahoma City Thunder,2018,2017-18,3,Bola em Movimento (alta assistência),1,1: Offensive / High Pace
1610612760,OKC,Oklahoma City Thunder,2019,2018-19,3,Bola em Movimento (alta assistência),1,1: Offensive / High Pace
1610612760,OKC,Oklahoma City Thunder,2020,2019-20,1,Aro Desguarnecido,0,0: Defensive / Slow Pace
1610612760,OKC,Oklahoma City Thunder,2021,2020-21,0,Alto Turnover,2,2: Rebuilding / Lottery
1610612760,OKC,Oklahoma City Thunder,2022,2021-22,2,Time Cuidadoso (baixo turnover),2,2: Rebuilding / Lottery
1610612760,OKC,Oklahoma City Thunder,2023,2022-23,3,Bola em Movimento (alta assistência),1,1: Offensive / High Pace
1610612760,OKC,Oklahoma City Thunder,2024,2023-24,3,Bola em Movimento (alta assistência),3,3: Elite Contenders
1610612760,OKC,Oklahoma City Thunder,2025,2024-25,3,Bola em Movimento (alta assistência),3,3: Elite Contenders
1610612761,TOR,Toronto Raptors,2013,2012-13,1,Aro Desguarnecido,1,1: Offensive / High Pace
1610612761,TOR,Toronto Raptors,2014,2013-14,0,Alto Turnover,1,1: Offensive / High Pace
1610612761,TOR,Toronto Raptors,2015,2014-15,1,Aro Desguarnecido,3,3: Elite Contenders
1610612761,TOR,Toronto Raptors,2016,2015-16,1,Aro Desguarnecido,0,0: Defensive / Slow Pace
1610612761,TOR,Toronto Raptors,2017,2016-17,1,Aro Desguarnecido,0,0: Defensive / Slow Pace
1610612761,TOR,Toronto Raptors,2018,2017-18,3,Bola em Movimento (alta assistência),3,3: Elite Contenders
1610612761,TOR,Toronto Raptors,2019,2018-19,3,Bola em Movimento (alta assistência),3,3: Elite Contenders
1610612761,TOR,Toronto Raptors,2020,2019-20,3,Bola em Movimento (alta assistência),3,3: Elite Contenders
1610612761,TOR,Toronto Raptors,2021,2020-21,1,Aro Desguarnecido,0,0: Defensive / Slow Pace
1610612761,TOR,Toronto Raptors,2022,2021-22,3,Bola em Movimento (alta assistência),0,0: Defensive / Slow Pace
1610612761,TOR,Toronto Raptors,2023,2022-23,3,Bola em Movimento (alta assistência),0,0: Defensive / Slow Pace
1610612761,TOR,Toronto Raptors,2024,2023-24,1,Aro Desguarnecido,2,2: Rebuilding / Lottery
1610612761,TOR,Toronto Raptors,2025,2024-25,0,Alto Turnover,1,1: Offensive / High Pace
1610612762,UTA,Utah Jazz,2013,2012-13,0,Alto Turnover,1,1: Offensive / High Pace
1610612762,UTA,Utah Jazz,2014,2013-14,1,Aro Desguarnecido,2,2: Rebuilding / Lottery
1610612762,UTA,Utah Jazz,2015,2014-15,1,Aro Desguarnecido,0,0: Defensive / Slow Pace
1610612762,UTA,Utah Jazz,2016,2015-16,1,Aro Desguarnecido,0,0: Defensive / Slow Pace
1610612762,UTA,Utah Jazz,2017,2016-17,1,Aro Desguarnecido,0,0: Defensive / Slow Pace
1610612762,UTA,Utah Jazz,2018,2017-18,1,Aro Desguarnecido,0,0: Defensive / Slow Pace
1610612762,UTA,Utah Jazz,2019,2018-19,2,Time Cuidadoso (baixo turnover),3,3: Elite Contenders
1610612762,UTA,Utah Jazz,2020,2019-20,1,Aro Desguarnecido,0,0: Defensive / Slow Pace
1610612762,UTA,Utah Jazz,2021,2020-21,2,Time Cuidadoso (baixo turnover),3,3: Elite Contenders
1610612762,UTA,Utah Jazz,2022,2021-22,2,Time Cuidadoso (baixo turnover),3,3: Elite Contenders
1610612762,UTA,Utah Jazz,2023,2022-23,0,Alto Turnover,1,1: Offensive / High Pace
1610612762,UTA,Utah Jazz,2024,2023-24,0,Alto Turnover,2,2: Rebuilding / Lottery
1610612762,UTA,Utah Jazz,2025,2024-25,0,Alto Turnover,2,2: Rebuilding / Lottery
1610612763,MEM,Memphis Grizzlies,2013,2012-13,1,Aro Desguarnecido,0,0: Defensive / Slow Pace
1610612763,MEM,Memphis Grizzlies,2014,2013-14,2,Time Cuidadoso (baixo turnover),0,0: Defensive / Slow Pace
1610612763,MEM,Memphis Grizzlies,2015,2014-15,1,Aro Desguarnecido,0,0: Defensive / Slow Pace
1610612763,MEM,Memphis Grizzlies,2016,2015-16,1,Aro Desguarnecido,2,2: Rebuilding / Lottery
1610612763,MEM,Memphis Grizzlies,2017,2016-17,1,Aro Desguarnecido,0,0: Defensive / Slow Pace
1610612763,MEM,Memphis Grizzlies,2018,2017-18,1,Aro Desguarnecido,2,2: Rebuilding / Lottery
1610612763,MEM,Memphis Grizzlies,2019,2018-19,1,Aro Desguarnecido,0,0: Defensive / Slow Pace
1610612763,MEM,Memphis Grizzlies,2020,2019-20,3,Bola em Movimento (alta assistência),1,1: Offensive / High Pace
1610612763,MEM,Memphis Grizzlies,2021,2020-21,3,Bola em Movimento (alta assistência),1,1: Offensive / High Pace
1610612763,MEM,Memphis Grizzlies,2022,2021-22,0,Alto Turnover,3,3: Elite Contenders
1610612763,MEM,Memphis Grizzlies,2023,2022-23,0,Alto Turnover,3,3: Elite Contenders
1610612763,MEM,Memphis Grizzlies,2024,2023-24,3,Bola em Movimento (alta assistência),2,2: Rebuilding / Lottery
1610612763,MEM,Memphis Grizzlies,2025,2024-25,0,Alto Turnover,3,3: Elite Contenders
1610612764,WAS,Washington Wizards,2013,2012-13,1,Aro Desguarnecido,0,0: Defensive / Slow Pace
1610612764,WAS,Washington Wizards,2014,2013-14,3,Bola em Movimento (alta assistência),1,1: Offensive / High Pace
1610612764,WAS,Washington Wizards,2015,2014-15,0,Alto Turnover,0,0: Defensive / Slow Pace
1610612764,WAS,Washington Wizards,2016,2015-16,1,Aro Desguarnecido,0,0: Defensive / Slow Pace
1610612764,WAS,Washington Wizards,2017,2016-17,3,Bola em Movimento (alta assistência),1,1: Offensive / High Pace
1610612764,WAS,Washington Wizards,2018,2017-18,3,Bola em Movimento (alta assistência),0,0: Defensive / Slow Pace
1610612764,WAS,Washington Wizards,2019,2018-19,3,Bola em Movimento (alta assistência),1,1: Offensive / High Pace
1610612764,WAS,Washington Wizards,2020,2019-20,3,Bola em Movimento (alta assistência),1,1: Offensive / High Pace
1610612764,WAS,Washington Wizards,2021,2020-21,0,Alto Turnover,1,1: Offensive / High Pace
1610612764,WAS,Washington Wizards,2022,2021-22,2,Time Cuidadoso (baixo turnover),1,1: Offensive / High Pace
1610612764,WAS,Washington Wizards,2023,2022-23,2,Time Cuidadoso (baixo turnover),0,0: Defensive / Slow Pace
1610612764,WAS,Washington Wizards,2024,2023-24,3,Bola em Movimento (alta assistência),2,2: Rebuilding / Lottery
1610612764,WAS,Washington Wizards,2025,2024-25,3,Bola em Movimento (alta assistência),2,2: Rebuilding / Lottery
1610612765,DET,Detroit Pistons,2013,2012-13,0,Alto Turnover,2,2: Rebuilding / Lottery
1610612765,DET,Detroit Pistons,2014,2013-14,0,Alto Turnover,2,2: Rebuilding / Lottery
1610612765,DET,Detroit Pistons,2015,2014-15,2,Time Cuidadoso (baixo turnover),0,0: Defensive / Slow Pace
1610612765,DET,Detroit Pistons,2016,2015-16,0,Alto Turnover,1,1: Offensive / High Pace
1610612765,DET,Detroit Pistons,2017,2016-17,2,Time Cuidadoso (baixo turnover),0,0: Defensive / Slow Pace
1610612765,DET,Detroit Pistons,2018,2017-18,2,Time Cuidadoso (baixo turnover),0,0: Defensive / Slow Pace
1610612765,DET,Detroit Pistons,2019,2018-19,1,Aro Desguarnecido,0,0: Defensive / Slow Pace
1610612765,DET,Detroit Pistons,2020,2019-20,1,Aro Desguarnecido,0,0: Defensive / Slow Pace
1610612765,DET,Detroit Pistons,2021,2020-21,1,Aro Desguarnecido,2,2: Rebuilding / Lottery
1610612765,DET,Detroit Pistons,2022,2021-22,1,Aro Desguarnecido,2,2: Rebuilding / Lottery
1610612765,DET,Detroit Pistons,2023,2022-23,0,Alto Turnover,2,2: Rebuilding / Lottery
1610612765,DET,Detroit Pistons,2024,2023-24,1,Aro Desguarnecido,2,2: Rebuilding / Lottery
1610612765,DET,Detroit Pistons,2025,2024-25,0,Alto Turnover,1,1: Offensive / High Pace
1610612766,CHA,Charlotte Hornets,2013,2012-13,1,Aro Desguarnecido,2,2: Rebuilding / Lottery
1610612766,CHA,Charlotte Hornets,2014,2013-14,2,Time Cuidadoso (baixo turnover),0,0: Defensive / Slow Pace
1610612766,CHA,Charlotte Hornets,2015,2014-15,2,Time Cuidadoso (baixo turnover),0,0: Defensive / Slow Pace
1610612766,CHA,Charlotte Hornets,2016,2015-16,2,Time Cuidadoso (baixo turnover),3,3: Elite Contenders
1610612766,CHA,Charlotte Hornets,2017,2016-17,2,Time Cuidadoso (baixo turnover),0,0: Defensive / Slow Pace
1610612766,CHA,Charlotte Hornets,2018,2017-18,2,Time Cuidadoso (baixo turnover),3,3: Elite Contenders
1610612766,CHA,Charlotte Hornets,2019,2018-19,2,Time Cuidadoso (baixo turnover),0,0: Defensive / Slow Pace
1610612766,CHA,Charlotte Hornets,2020,2019-20,1,Aro Desguarnecido,2,2: Rebuilding / Lottery
1610612766,CHA,Charlotte Hornets,2021,2020-21,1,Aro Desguarnecido,2,2: Rebuilding / Lottery
1610612766,CHA,Charlotte Hornets,2022,2021-22,3,Bola em Movimento (alta assistência),1,1: Offensive / High Pace
1610612766,CHA,Charlotte Hornets,2023,2022-23,3,Bola em Movimento (alta assistência),2,2: Rebuilding / Lottery
1610612766,CHA,Charlotte Hornets,2024,2023-24,1,Aro Desguarnecido,2,2: Rebuilding / Lottery
1610612766,CHA,Charlotte Hornets,2025,2024-25,1,Aro Desguarnecido,2,2: Rebuilding / Lottery
