trade_id,team_id,team_abbreviation,season_end_year,trade_date,player_id,player_name,posicao,RCP_pos_bar_pre_trade,muP_asof,deltaP,preenche_lacuna,RCP_pos_bar_post_trade,deltaP_post_trade,gap_fechada,cluster,cluster_name,cluster_post_trade,cluster_name_post_trade
19,1610612737,ATL,2019,2019-02-07,202714,Shelvin Mack,Guards,-0.012472440673981415,0.023834054632124888,-0.0363064953061063,Preenche Lacuna,-0.058611122255930986,-0.06366018143480248,Nao,1,Ofensivo,1,Ofensivo
28,1610612737,ATL,2019,2019-02-07,1628444,Jabari Bird,Guards,-0.012472440673981415,0.023834054632124888,-0.0363064953061063,Preenche Lacuna,-0.058611122255930986,-0.06366018143480248,Nao,1,Ofensivo,1,Ofensivo
33,1610612737,ATL,2020,2020-01-16,201952,Jeff Teague,Guards,-0.009759074998291118,0.00047497890102898247,-0.010234053899320101,Preenche Lacuna,-0.1148118909966178,-0.11634978859640542,Nao,3,Reconstrução,1,Ofensivo
33,1610612737,ATL,2020,2020-01-16,1626203,Treveon Graham,Forwards,0.015010267965164819,0.010614426337607175,0.004395841627557644,Redundante,0.06245985124644948,0.03683607080012884,N/A (nao era lacuna),3,Reconstrução,1,Ofensivo
28,1610612737,ATL,2020,2020-02-05,203473,Dewayne Dedmon,Centers,0.019225908185056196,0.008186752504185504,0.011039155680870692,Redundante,0.1402304609218437,0.12223301682941723,N/A (nao era lacuna),3,Reconstrução,1,Ofensivo
29,1610612737,ATL,2020,2020-02-05,203991,Clint Capela,Centers,0.019225908185056196,0.008186752504185504,0.011039155680870692,Redundante,0.1402304609218437,0.12223301682941723,N/A (nao era lacuna),3,Reconstrução,1,Ofensivo
24,1610612737,ATL,2020,2020-02-06,1627746,Skal Labissiere,Forwards,0.010976927008244817,0.009267634004295509,0.0017092930039493085,Redundante,0.08363909833956736,0.027986649967200038,N/A (nao era lacuna),1,Ofensivo,1,Ofensivo
25,1610612737,ATL,2020,2020-02-06,1628476,Derrick Walton Jr.,Guards,-0.01134395778404927,0.0016111065230566101,-0.01295506430710588,Preenche Lacuna,-0.12695283896376333,-0.13162507765606365,Nao,1,Ofensivo,1,Ofensivo
45,1610612739,CLE,2019,2018-11-28,202692,Alec Burks,Guards,-0.006857922616854378,0.027996362940711925,-0.034854285557566304,Preenche Lacuna,-0.0003272786777941416,-0.02132153459863546,Melhorou,3,Reconstrução,3,Reconstrução
44,1610612739,CLE,2019,2018-12-07,203521,Matthew Dellavedova,Guards,-0.001791044776119401,0.03856374527709422,-0.04035479005321362,Preenche Lacuna,-0.00032912693061041035,-0.01914553660418698,Melhorou,3,Reconstrução,3,Reconstrução
44,1610612739,CLE,2019,2018-12-07,203089,John Henson,Forwards,0.018707296849087895,0.025380075596655376,-0.006672778747567481,Preenche Lacuna,0.005253574445798967,-0.001847805508642348,Melhorou,3,Reconstrução,3,Reconstrução
37,1610612739,CLE,2019,2019-02-04,1627735,Wade Baldwin,Guards,0.001335944219753674,0.018671150743154268,-0.017335206523400593,Preenche Lacuna,-0.012510709646512573,-0.010960211029285022,Melhorou,3,Reconstrução,3,Reconstrução
37,1610612739,CLE,2019,2019-02-04,203917,Nik Stauskas,Guards,0.001335944219753674,0.018671150743154268,-0.017335206523400593,Preenche Lacuna,-0.012510709646512573,-0.010960211029285022,Melhorou,3,Reconstrução,3,Reconstrução
26,1610612739,CLE,2019,2019-02-07,202688,Brandon Knight,Guards,0.0010750123486863025,0.023834054632124888,-0.022759042283438585,Preenche Lacuna,-0.012616790168914257,-0.017665849347785752,Melhorou,3,Reconstrução,3,Reconstrução
26,1610612739,CLE,2019,2019-02-07,1627737,Marquese Chriss,Forwards,0.004463006944585411,0.0028857874399276636,0.0015772195046577474,Redundante,0.005458152792115144,-0.01218195852370538,N/A (nao era lacuna),3,Reconstrução,3,Reconstrução
34,1610612739,CLE,2020,2019-12-23,203957,Dante Exum,Guards,-0.002243522512745213,-0.006547896592457294,0.004304374079712081,Redundante,-0.002017684542241059,-0.009758437943687262,N/A (nao era lacuna),3,Reconstrução,3,Reconstrução
21,1610612739,CLE,2020,2020-02-06,203083,Andre Drummond,Centers,0.013609760379406801,0.008815473778158885,0.004794286601247916,Redundante,0.11889892978718193,0.10728629491452764,N/A (nao era lacuna),3,Reconstrução,3,Reconstrução
26,1610612739,CLE,2021,2021-03-25,1628392,Isaiah Hartenstein,Centers,0.01917926558550524,0.002263604744997538,0.0169156608405077,Redundante,0.020321787887928742,0.022112298855184842,N/A (nao era lacuna),3,Reconstrução,3,Reconstrução
25,1610612740,NOH,2019,2019-02-07,202693,Markieff Morris,Forwards,0.011213257339064461,0.0028857874399276636,0.008327469899136797,Redundante,0.006843184831912212,-0.010796926483908315,N/A (nao era lacuna),1,Ofensivo,1,Ofensivo
30,1610612740,NOH,2019,2019-02-07,201160,Jason Smith,Forwards,0.011213257339064461,0.0028857874399276636,0.008327469899136797,Redundante,0.006843184831912212,-0.010796926483908315,N/A (nao era lacuna),1,Ofensivo,1,Ofensivo
30,1610612740,NOH,2019,2019-02-07,1626169,Stanley Johnson,Forwards,0.011213257339064461,0.0028857874399276636,0.008327469899136797,Redundante,0.006843184831912212,-0.010796926483908315,N/A (nao era lacuna),1,Ofensivo,1,Ofensivo
17,1610612740,NOH,2021,2021-03-25,201949,James Johnson,Forwards,-0.04528473694930688,0.014414560851604113,-0.059699297800910996,Preenche Lacuna,-0.029098995578081228,-0.05000482827011969,Melhorou,0,Defensivo,1,Ofensivo
17,1610612740,NOH,2021,2021-03-25,1628411,Wesley Iwundu,Forwards,-0.04528473694930688,0.014414560851604113,-0.059699297800910996,Preenche Lacuna,-0.029098995578081228,-0.05000482827011969,Melhorou,0,Defensivo,1,Ofensivo
42,1610612741,CHI,2019,2019-01-03,202705,MarShon Brooks,Guards,-4.074732253239275e-05,0.038882363777334505,-0.038923111099866896,Preenche Lacuna,0.002551983034187397,-0.002246244883471833,Melhorou,3,Reconstrução,3,Reconstrução
42,1610612741,CHI,2019,2019-01-03,1627782,Wayne Selden,Guards,-4.074732253239275e-05,0.038882363777334505,-0.038923111099866896,Preenche Lacuna,0.002551983034187397,-0.002246244883471833,Melhorou,3,Reconstrução,3,Reconstrução
41,1610612741,CHI,2019,2019-01-07,203487,Michael Carter-Williams,Guards,0.0001694215331711715,0.03347186108005137,-0.0333024395468802,Preenche Lacuna,0.0030047167956972487,-0.005985671289005373,Melhorou,3,Reconstrução,3,Reconstrução
40,1610612741,CHI,2019,2019-01-22,2546,Carmelo Anthony,Forwards,0.005417246599844802,0.004875725917944788,0.0005415206819000141,Redundante,-0.0009546603632878432,-0.012631855636984601,N/A (nao era lacuna),3,Reconstrução,1,Ofensivo
38,1610612741,CHI,2019,2019-02-01,1627789,Timothe Luwawu-Cabarrot,Guards,0.0018976561106598489,0.022295121261489116,-0.020397465150829266,Preenche Lacuna,-0.006017488487608011,-0.00968550632146538,Melhorou,3,Reconstrução,1,Ofensivo
35,1610612741,CHI,2019,2019-02-06,203490,Otto Porter Jr.,Forwards,0.0047144337262251396,0.001290178777678038,0.003424254948547102,Redundante,-0.0036571876591339537,-0.018090143980277206,N/A (nao era lacuna),3,Reconstrução,1,Ofensivo
14,1610612741,CHI,2021,2021-03-25,202696,Nikola Vucevic,Centers,0.043511640961040154,0.002263604744997538,0.041248036216042616,Redundante,0.004079786630137192,0.005870297597393293,N/A (nao era lacuna),0,Defensivo,0,Defensivo
14,1610612741,CHI,2021,2021-03-25,202329,Al-Farouq Aminu,Forwards,0.01548048743872749,0.014414560851604113,0.001065926587123376,Redundante,0.03831128101949996,0.017405448327461492,N/A (nao era lacuna),0,Defensivo,0,Defensivo
15,1610612741,CHI,2021,2021-03-25,1628464,Daniel Theis,Centers,0.043511640961040154,0.002263604744997538,0.041248036216042616,Redundante,0.004079786630137192,0.005870297597393293,N/A (nao era lacuna),0,Defensivo,0,Defensivo
15,1610612741,CHI,2021,2021-03-25,1628972,Troy Brown Jr.,Guards,-0.035736314446279276,0.006395762686680525,-0.0421320771329598,Preenche Lacuna,-0.007908309028947503,-0.023868419652360875,Melhorou,0,Defensivo,0,Defensivo
15,1610612741,CHI,2021,2021-03-25,1629750,Javonte Green,Guards,-0.035736314446279276,0.006395762686680525,-0.0421320771329598,Preenche Lacuna,-0.007908309028947503,-0.023868419652360875,Melhorou,0,Defensivo,0,Defensivo
39,1610612742,DAL,2019,2019-01-31,203501,Tim Hardaway Jr.,Guards,-0.04007316904811207,0.028873930938496398,-0.06894709998660847,Preenche Lacuna,-0.023016177702368933,-0.03132253553342733,Melhorou,2,Elite,3,Reconstrução
39,1610612742,DAL,2019,2019-01-31,201584,Courtney Lee,Guards,-0.04007316904811207,0.028873930938496398,-0.06894709998660847,Preenche Lacuna,-0.023016177702368933,-0.03132253553342733,Melhorou,2,Elite,3,Reconstrução
39,1610612742,DAL,2019,2019-01-31,204001,Kristaps Porzingis,Forwards,-0.07870918754745629,0.002332135394315436,-0.08104132294177173,Preenche Lacuna,0.04240673525053156,0.027640880256871586,Sim,2,Elite,3,Reconstrução
39,1610612742,DAL,2019,2019-01-31,203504,Trey Burke,Guards,-0.04007316904811207,0.028873930938496398,-0.06894709998660847,Preenche Lacuna,-0.023016177702368933,-0.03132253553342733,Melhorou,2,Elite,3,Reconstrução
31,1610612742,DAL,2020,2020-01-24,1628383,Justin Patton,Centers,-0.021048633281271746,0.011150985114481293,-0.03219961839575304,Preenche Lacuna,,,Sem dado pos-troca,2,Elite,1,Ofensivo
30,1610612742,DAL,2020,2020-01-25,1626161,Willie Cauley-Stein,Centers,-0.021048633281271746,0.013619151317530276,-0.03466778459880202,Preenche Lacuna,,,Sem dado pos-troca,2,Elite,1,Ofensivo
29,1610612743,DEN,2020,2020-02-05,203943,Noah Vonleh,Forwards,0.007845197357863737,0.008603353483624215,-0.0007581561257604778,Preenche Lacuna,,,Sem dado pos-troca,0,Defensivo,0,Defensivo
29,1610612743,DEN,2020,2020-02-05,203894,Shabazz Napier,Guards,0.011609041611188456,0.0031336619278446057,0.00847537968334385,Redundante,,,Sem dado pos-troca,0,Defensivo,0,Defensivo
29,1610612743,DEN,2020,2020-02-05,101123,Gerald Green,Guards,0.011609041611188456,0.0031336619278446057,0.00847537968334385,Redundante,,,Sem dado pos-troca,0,Defensivo,0,Defensivo
29,1610612743,DEN,2020,2020-02-05,1628966,Keita Bates-Diop,Forwards,0.007845197357863737,0.008603353483624215,-0.0007581561257604778,Preenche Lacuna,,,Sem dado pos-troca,0,Defensivo,0,Defensivo
20,1610612743,DEN,2020,2020-02-06,203895,Jordan McRae,Guards,0.01135569130154317,0.0016111065230566101,0.00974458477848656,Redundante,,,Sem dado pos-troca,0,Defensivo,0,Defensivo
25,1610612743,DEN,2021,2021-03-25,203932,Aaron Gordon,Forwards,-0.0027327968642532584,0.014414560851604113,-0.017147357715857372,Preenche Lacuna,0.008520453008348864,-0.012385379683689603,Melhorou,0,Defensivo,2,Elite
25,1610612743,DEN,2021,2021-03-25,1629109,Gary Clark,Forwards,-0.0027327968642532584,0.014414560851604113,-0.017147357715857372,Preenche Lacuna,0.008520453008348864,-0.012385379683689603,Melhorou,0,Defensivo,2,Elite
26,1610612743,DEN,2021,2021-03-25,201580,JaVale McGee,Centers,0.01558757078976617,0.002263604744997538,0.013323966044768631,Redundante,0.01564370282401602,0.01743421379127212,N/A (nao era lacuna),0,Defensivo,2,Elite
22,1610612744,GSW,2020,2020-02-06,203952,Andrew Wiggins,Forwards,0.009366698755164759,0.009267634004295509,9.906475086924986e-05,Redundante,0.022600689658133975,-0.03305175871423334,N/A (nao era lacuna),3,Reconstrução,3,Reconstrução
26,1610612745,HOU,2019,2019-02-07,202697,Iman Shumpert,Guards,0.041828833255783286,0.023834054632124888,0.0179947786236584,Redundante,0.05093336110486861,0.045884301925997115,N/A (nao era lacuna),2,Elite,0,Defensivo
26,1610612745,HOU,2019,2019-02-07,203917,Nik Stauskas,Guards,0.041828833255783286,0.023834054632124888,0.0179947786236584,Redundante,0.05093336110486861,0.045884301925997115,N/A (nao era lacuna),2,Elite,0,Defensivo
26,1610612745,HOU,2019,2019-02-07,1627735,Wade Baldwin,Guards,0.041828833255783286,0.023834054632124888,0.0179947786236584,Redundante,0.05093336110486861,0.045884301925997115,N/A (nao era lacuna),2,Elite,0,Defensivo
29,1610612745,HOU,2020,2020-02-05,203496,Robert Covington,Forwards,-0.006155707946752723,0.008603353483624215,-0.014759061430376938,Preenche Lacuna,,,Sem dado pos-troca,2,Elite,2,Elite
29,1610612745,HOU,2020,2020-02-05,1628395,Jordan Bell,Centers,-0.016609675117137804,0.008186752504185504,-0.024796427621323308,Preenche Lacuna,,,Sem dado pos-troca,2,Elite,2,Elite
26,1610612745,HOU,2020,2020-02-06,196294585,Bruno Caboclo,Forwards,-0.006155707946752723,0.009267634004295509,-0.015423341951048232,Preenche Lacuna,,,Sem dado pos-troca,2,Elite,2,Elite
36,1610612745,HOU,2021,2021-01-22,1629645,Kevin Porter Jr.,Guards,-0.007044159902236423,0.005619525242439772,-0.012663685144676196,Preenche Lacuna,-0.0001484891324594367,0.0006103707105299621,Sim,0,Defensivo,3,Reconstrução
31,1610612745,HOU,2021,2021-03-19,201571,D.J. Augustin,Guards,-0.003348246622372798,0.0014530444008107708,-0.004801291023183569,Preenche Lacuna,0.0024510450381880736,-0.01436295251492034,Nao,3,Reconstrução,3,Reconstrução
31,1610612745,HOU,2021,2021-03-19,1628391,DJ Wilson,Forwards,0.019150928930901763,0.019916705639050875,-0.0007657767081491115,Preenche Lacuna,0.01710613408089265,0.00424502110784461,Sim,3,Reconstrução,3,Reconstrução
18,1610612745,HOU,2021,2021-03-25,203482,Kelly Olynyk,Forwards,0.017642945168915132,0.014414560851604113,0.0032283843173110185,Redundante,0.018887990292003744,-0.002017842400034723,N/A (nao era lacuna),3,Reconstrução,3,Reconstrução
18,1610612745,HOU,2021,2021-03-25,202340,Avery Bradley,Guards,-0.0032330018120827974,0.006395762686680525,-0.009628764498763322,Preenche Lacuna,0.0033542513038623315,-0.01260585931955104,Nao,3,Reconstrução,3,Reconstrução
32,1610612746,LAC,2019,2019-02-06,201163,Wilson Chandler,Forwards,-0.039121510156279495,0.001290178777678038,-0.04041168893395753,Preenche Lacuna,0.023867386202542203,0.00943442988139895,Sim,2,Elite,2,Elite
32,1610612746,LAC,2019,2019-02-06,203488,Mike Muscala,Centers,0.066565502650833,-0.0008286317718814609,0.06739413442271446,Redundante,-0.031048846637996414,-0.04005889964668313,N/A (nao era lacuna),2,Elite,2,Elite
32,1610612746,LAC,2019,2019-02-06,1629013,Landry Shamet,Guards,-0.009262174312735325,0.018216109163124442,-0.027478283475859767,Preenche Lacuna,0.04421849747249125,0.03256316708329184,Sim,2,Elite,2,Elite
22,1610612746,LAC,2019,2019-02-07,201563,Michael Beasley,Forwards,-0.039121510156279495,0.0028857874399276636,-0.04200729759620716,Preenche Lacuna,0.023867386202542203,0.006227274886721677,Sim,2,Elite,2,Elite
22,1610612746,LAC,2019,2019-02-07,1627826,Ivica Zubac,Centers,0.066565502650833,-0.00822287782037132,0.07478838047120431,Redundante,-0.031048846637996414,-0.04421365708029938,N/A (nao era lacuna),2,Elite,2,Elite
24,1610612746,LAC,2019,2019-02-07,202066,Garrett Temple,Guards,-0.009262174312735325,0.023834054632124888,-0.03309622894486021,Preenche Lacuna,0.04421849747249125,0.039169438293619754,Sim,2,Elite,2,Elite
24,1610612746,LAC,2019,2019-02-07,203210,JaMychal Green,Forwards,-0.039121510156279495,0.0028857874399276636,-0.04200729759620716,Preenche Lacuna,0.023867386202542203,0.006227274886721677,Sim,2,Elite,2,Elite
19,1610612746,LAC,2020,2020-02-06,202694,Marcus Morris,Forwards,0.01938464690907147,0.009267634004295509,0.01011701290477596,Redundante,,,Sem dado pos-troca,2,Elite,2,Elite
19,1610612746,LAC,2020,2020-02-06,202738,Isaiah Thomas,Guards,0.012213119247391437,0.0016111065230566101,0.010602012724334827,Redundante,,,Sem dado pos-troca,2,Elite,2,Elite
20,1610612746,LAC,2021,2021-03-25,200765,Rajon Rondo,Guards,0.017256986518135113,0.006395762686680525,0.010861223831454589,Redundante,0.03190991753866005,0.015949806915246677,N/A (nao era lacuna),0,Defensivo,0,Defensivo
34,1610612747,LAL,2019,2019-02-06,203493,Reggie Bullock,Forwards,-0.03677368523015823,0.001290178777678038,-0.03806386400783627,Preenche Lacuna,-0.01490327288259268,-0.029336229203735933,Melhorou,1,Ofensivo,1,Ofensivo
22,1610612747,LAL,2019,2019-02-07,203488,Mike Muscala,Centers,0.04653153994644747,-0.00822287782037132,0.05475441776681879,Redundante,0.05323372902169464,0.040068918579391676,N/A (nao era lacuna),1,Ofensivo,1,Ofensivo
18,1610612748,MIA,2020,2020-02-06,2738,Andre Iguodala,Forwards,-0.0013703120075638188,0.009267634004295509,-0.010637946011859328,Preenche Lacuna,,,Sem dado pos-troca,2,Elite,2,Elite
18,1610612748,MIA,2020,2020-02-06,203524,Solomon Hill,Forwards,-0.0013703120075638188,0.009267634004295509,-0.010637946011859328,Preenche Lacuna,,,Sem dado pos-troca,2,Elite,2,Elite
18,1610612748,MIA,2020,2020-02-06,203109,Jae Crowder,Forwards,-0.0013703120075638188,0.009267634004295509,-0.010637946011859328,Preenche Lacuna,,,Sem dado pos-troca,2,Elite,2,Elite
18,1610612748,MIA,2021,2021-03-25,203506,Victor Oladipo,Guards,-0.059698862207454725,0.006395762686680525,-0.06609462489413526,Preenche Lacuna,0.05040400447653013,0.03444389385311676,Sim,3,Reconstrução,0,Defensivo
24,1610612748,MIA,2021,2021-03-25,202357,Nemanja Bjelica,Forwards,0.04328450910310245,0.014414560851604113,0.028869948251498335,Redundante,0.0032502969579172205,-0.017655535734121246,N/A (nao era lacuna),3,Reconstrução,0,Defensivo
44,1610612749,MIL,2019,2018-12-07,201588,George Hill,Guards,0.027595589129881755,0.03856374527709422,-0.010968156147212464,Preenche Lacuna,0.011239076243458596,-0.007577333430117973,Melhorou,2,Elite,2,Elite
44,1610612749,MIL,2019,2018-12-07,201160,Jason Smith,Forwards,0.052663886830433666,0.025380075596655376,0.02728381123377829,Redundante,0.015357168459508555,0.008255788505067242,N/A (nao era lacuna),2,Elite,2,Elite
30,1610612749,MIL,2019,2019-02-07,202703,Nikola Mirotic,Forwards,0.015634180911659926,0.0028857874399276636,0.012748393471732261,Redundante,0.039789956078032346,0.02214984476221182,N/A (nao era lacuna),2,Elite,2,Elite
31,1610612749,MIL,2021,2021-03-19,200782,P.J. Tucker,Forwards,0.03890598112322052,0.019916705639050875,0.01898927548416965,Redundante,0.03429047186405289,0.02142935889100485,N/A (nao era lacuna),0,Defensivo,0,Defensivo
31,1610612749,MIL,2021,2021-03-19,1629066,Rodions Kurucs,Forwards,0.03890598112322052,0.019916705639050875,0.01898927548416965,Redundante,0.03429047186405289,0.02142935889100485,N/A (nao era lacuna),0,Defensivo,0,Defensivo
46,1610612750,MIN,2019,2018-11-10,203496,Robert Covington,Forwards,0.010196556257414944,0.018817274161503764,-0.00862071790408882,Preenche Lacuna,0.0177732076205364,0.010492893056509103,Sim,1,Ofensivo,1,Ofensivo
46,1610612750,MIN,2019,2018-11-10,201573,Jerryd Bayless,Guards,-0.027422394658743132,0.06581293700663103,-0.09323533166537416,Preenche Lacuna,-0.026810953981077815,-0.03910399850454936,Melhorou,1,Ofensivo,1,Ofensivo
46,1610612750,MIN,2019,2018-11-10,203967,Dario Saric,Forwards,0.010196556257414944,0.018817274161503764,-0.00862071790408882,Preenche Lacuna,0.0177732076205364,0.010492893056509103,Sim,1,Ofensivo,1,Ofensivo
33,1610612750,MIN,2020,2020-01-16,203459,Allen Crabbe,Guards,0.02227901023890785,0.00047497890102898247,0.02180403133787887,Redundante,-0.011793250311153317,-0.013331147910940937,N/A (nao era lacuna),1,Ofensivo,1,Ofensivo
29,1610612750,MIN,2020,2020-02-05,202323,Evan Turner,Forwards,0.00048359077395962067,0.008603353483624215,-0.008119762709664594,Preenche Lacuna,0.1037728687466788,0.06172831971174045,Sim,1,Ofensivo,1,Ofensivo
29,1610612750,MIN,2020,2020-02-05,1627736,Malik Beasley,Guards,0.013191906461735705,0.0031336619278446057,0.010058244533891099,Redundante,-0.0811052911257876,-0.09024370092882568,N/A (nao era lacuna),1,Ofensivo,1,Ofensivo
29,1610612750,MIN,2020,2020-02-05,1629020,Jarred Vanderbilt,Forwards,0.00048359077395962067,0.008603353483624215,-0.008119762709664594,Preenche Lacuna,0.1037728687466788,0.06172831971174045,Sim,1,Ofensivo,1,Ofensivo
18,1610612750,MIN,2020,2020-02-06,201949,James Johnson,Forwards,0.0011592856570833664,0.009267634004295509,-0.008108348347212142,Preenche Lacuna,0.12988439806897148,0.07423194969660415,Sim,1,Ofensivo,1,Ofensivo
22,1610612750,MIN,2020,2020-02-06,1626156,D'Angelo Russell,Guards,0.01230784015375991,0.0016111065230566101,0.0106967336307033,Redundante,-0.11449786764228344,-0.11917010633458376,N/A (nao era lacuna),1,Ofensivo,1,Ofensivo
22,1610612750,MIN,2020,2020-02-06,1628980,Jacob Evans,Guards,0.01230784015375991,0.0016111065230566101,0.0106967336307033,Redundante,-0.11449786764228344,-0.11917010633458376,N/A (nao era lacuna),1,Ofensivo,1,Ofensivo
22,1610612750,MIN,2020,2020-02-06,1629016,Omari Spellman,Forwards,0.0011592856570833664,0.009267634004295509,-0.008108348347212142,Preenche Lacuna,0.12988439806897148,0.07423194969660415,Sim,1,Ofensivo,1,Ofensivo
37,1610612751,BKN,2021,2021-01-14,201935,James Harden,Guards,-0.13853294153187048,0.022302780515200245,-0.16083572204707072,Preenche Lacuna,0.036379398801384716,0.04092587007872179,Sim,2,Elite,0,Defensivo
39,1610612752,NYK,2019,2019-01-31,201599,DeAndre Jordan,Centers,0.011150801388293101,-0.011563862221298854,0.022714663609591956,Redundante,0.015940627045730852,0.006757363607742706,N/A (nao era lacuna),3,Reconstrução,3,Reconstrução
39,1610612752,NYK,2019,2019-01-31,1962936250,Wesley Matthews,Guards,-0.0005233397028428808,0.028873930938496398,-0.02939727064133928,Preenche Lacuna,0.004262718600953895,-0.0040436392301045,Melhorou,3,Reconstrução,3,Reconstrução
39,1610612752,NYK,2019,2019-01-31,1628372,Dennis Smith Jr.,Guards,-0.0005233397028428808,0.028873930938496398,-0.02939727064133928,Preenche Lacuna,0.004262718600953895,-0.0040436392301045,Melhorou,3,Reconstrução,3,Reconstrução
19,1610612752,NYK,2020,2020-02-06,203090,Maurice Harkless,Forwards,-0.005677035725060185,0.009267634004295509,-0.014944669729355695,Preenche Lacuna,0.03103289062712186,-0.02461955774524546,Nao,3,Reconstrução,1,Ofensivo
35,1610612752,NYK,2021,2021-02-07,201565,Derrick Rose,Guards,-0.029578879724079594,-0.0028486760729832736,-0.02673020365109632,Preenche Lacuna,0.019088463750764176,0.0071632466567542845,Sim,0,Defensivo,0,Defensivo
21,1610612753,ORL,2019,2019-02-07,1628365,Markelle Fultz,Guards,-0.047159661393254906,0.023834054632124888,-0.0709937160253798,Preenche Lacuna,0.034715154725889576,0.02966609554701808,Sim,3,Reconstrução,0,Defensivo
14,1610612753,ORL,2021,2021-03-25,203490,Otto Porter Jr.,Forwards,0.030522484593422283,0.014414560851604113,0.01610792374181817,Redundante,0.004726193935958785,-0.01617963875607968,N/A (nao era lacuna),3,Reconstrução,3,Reconstrução
14,1610612753,ORL,2021,2021-03-25,1628976,Wendell Carter Jr.,Centers,-0.003062735172691469,0.002263604744997538,-0.005326339917689007,Preenche Lacuna,0.02454795870661225,0.02633846967386835,Sim,3,Reconstrução,3,Reconstrução
16,1610612753,ORL,2021,2021-03-25,201952,Jeff Teague,Guards,-0.004732476693458083,0.006395762686680525,-0.011128239380138608,Preenche Lacuna,0.006440133071714681,-0.009519977551698693,Melhorou,3,Reconstrução,3,Reconstrução
25,1610612753,ORL,2021,2021-03-25,203914,Gary Harris,Guards,-0.004732476693458083,0.006395762686680525,-0.011128239380138608,Preenche Lacuna,0.006440133071714681,-0.009519977551698693,Melhorou,3,Reconstrução,3,Reconstrução
25,1610612753,ORL,2021,2021-03-25,1966938183,RJ Hampton,Guards,-0.004732476693458083,0.006395762686680525,-0.011128239380138608,Preenche Lacuna,0.006440133071714681,-0.009519977551698693,Melhorou,3,Reconstrução,3,Reconstrução
18,1610612754,IND,2019,2019-02-07,1627735,Wade Baldwin,Guards,0.027491890529020995,0.023834054632124888,0.0036578358968961076,Redundante,-0.01270295410982072,-0.017752013288692213,N/A (nao era lacuna),0,Defensivo,0,Defensivo
18,1610612754,IND,2019,2019-02-07,203917,Nik Stauskas,Guards,0.027491890529020995,0.023834054632124888,0.0036578358968961076,Redundante,-0.01270295410982072,-0.017752013288692213,N/A (nao era lacuna),0,Defensivo,0,Defensivo
37,1610612754,IND,2021,2021-01-14,1627747,Caris LeVert,Guards,0.16822442536914364,0.022302780515200245,0.1459216448539434,Redundante,-0.03860273083695967,-0.0340562595596226,N/A (nao era lacuna),0,Defensivo,0,Defensivo
32,1610612755,PHI,2019,2019-02-06,202699,Tobias Harris,Forwards,-0.008553486537132358,0.001290178777678038,-0.009843665314810396,Preenche Lacuna,0.009403929627780127,-0.005029026693363126,Melhorou,2,Elite,2,Elite
32,1610612755,PHI,2019,2019-02-06,1626246,Boban Marjanovic,Centers,-0.0070726200013849,-0.0008286317718814609,-0.0062439882295034395,Preenche Lacuna,-0.0528415856797142,-0.06185163868840091,Nao,2,Elite,2,Elite
32,1610612755,PHI,2019,2019-02-06,203118,Mike Scott,Forwards,-0.008553486537132358,0.001290178777678038,-0.009843665314810396,Preenche Lacuna,0.009403929627780127,-0.005029026693363126,Melhorou,2,Elite,2,Elite
36,1610612755,PHI,2019,2019-02-06,1627781,Malachi Richardson,Guards,0.03414462505703578,0.018216109163124442,0.015928515893911335,Redundante,0.07915194176621979,0.06749661137702039,N/A (nao era lacuna),2,Elite,2,Elite
36,1610612755,PHI,2019,2019-02-06,43315,Emir Preldzic,Forwards,-0.008553486537132358,0.001290178777678038,-0.009843665314810396,Preenche Lacuna,0.009403929627780127,-0.005029026693363126,Melhorou,2,Elite,2,Elite
21,1610612755,PHI,2019,2019-02-07,203613,Jonathon Simmons,Forwards,-0.008553486537132358,0.0028857874399276636,-0.011439273977060023,Preenche Lacuna,0.009403929627780127,-0.0082361816880404,Melhorou,2,Elite,2,Elite
31,1610612755,PHI,2019,2019-02-07,203516,James Ennis,Forwards,-0.008553486537132358,0.0028857874399276636,-0.011439273977060023,Preenche Lacuna,0.009403929627780127,-0.0082361816880404,Melhorou,2,Elite,2,Elite
23,1610612755,PHI,2020,2020-02-06,202692,Alec Burks,Guards,0.007643934134365653,0.0016111065230566101,0.006032827611309043,Redundante,0.048534406490765035,0.043862167798464705,N/A (nao era lacuna),2,Elite,0,Defensivo
23,1610612755,PHI,2020,2020-02-06,203922,Glenn Robinson III,Forwards,0.01791220527700721,0.009267634004295509,0.0086445712727117,Redundante,0.028957712772845673,-0.026694735599521645,N/A (nao era lacuna),2,Elite,0,Defensivo
22,1610612755,PHI,2021,2021-03-25,201588,George Hill,Guards,0.009252484884038743,0.006395762686680525,0.002856722197358218,Redundante,0.02902067892073834,0.013060568297324968,N/A (nao era lacuna),2,Elite,0,Defensivo
22,1610612755,PHI,2021,2021-03-25,1629649,Ignas Brazdeikis,Forwards,0.009864123007592979,0.014414560851604113,-0.0045504378440111345,Preenche Lacuna,0.004967732022120465,-0.015938100669918003,Nao,2,Elite,0,Defensivo
43,1610612756,PHX,2019,2018-12-17,203085,Austin Rivers,Guards,-0.002094157505201285,0.03928506463655857,-0.041379222141759854,Preenche Lacuna,-0.001685290019085167,-0.01217860837143114,Melhorou,3,Reconstrução,1,Ofensivo
43,1610612756,PHX,2019,2018-12-17,1626162,Kelly Oubre,Forwards,0.0120108990173452,0.0059993231939457345,0.006011575823399466,Redundante,0.002814385366002593,-0.010745794703995053,N/A (nao era lacuna),3,Reconstrução,1,Ofensivo
33,1610612756,PHX,2019,2019-02-06,204020,Tyler Johnson,Guards,0.0007866113084027641,0.018216109163124442,-0.017429497854721678,Preenche Lacuna,-0.015330811469175394,-0.0269861418583748,Nao,3,Reconstrução,3,Reconstrução
33,1610612756,PHX,2019,2019-02-06,201961,Wayne Ellington,Guards,0.0007866113084027641,0.018216109163124442,-0.017429497854721678,Preenche Lacuna,-0.015330811469175394,-0.0269861418583748,Nao,3,Reconstrução,3,Reconstrução
32,1610612756,PHX,2021,2021-03-18,1628470,Torrey Craig,Forwards,0.009058276129657818,0.014531479484867691,-0.005473203355209873,Preenche Lacuna,0.005681473294451497,-0.0047724536750957496,Melhorou,0,Defensivo,0,Defensivo
37,1610612757,POR,2019,2019-02-04,203918,Rodney Hood,Forwards,-0.014867576708790381,0.004687859822334431,-0.019555436531124813,Preenche Lacuna,-0.0033087253859856035,-0.0181480563113877,Melhorou,2,Elite,2,Elite
29,1610612757,POR,2019,2019-02-07,1627746,Skal Labissiere,Forwards,-0.016278771212693475,0.0028857874399276636,-0.01916455865262114,Preenche Lacuna,-0.0023153402201852662,-0.01995545153600579,Nao,2,Elite,2,Elite
32,1610612757,POR,2020,2020-01-21,1628403,Caleb Swanigan,Forwards,0.022225095640962807,0.009142869654389612,0.013082225986573196,Redundante,0.06629790906594486,0.034852937192717204,N/A (nao era lacuna),0,Defensivo,0,Defensivo
32,1610612757,POR,2020,2020-01-21,1629117,Wenyen Gabriel,Forwards,0.022225095640962807,0.009142869654389612,0.013082225986573196,Redundante,0.06629790906594486,0.034852937192717204,N/A (nao era lacuna),0,Defensivo,0,Defensivo
32,1610612757,POR,2020,2020-01-21,2772,Trevor Ariza,Forwards,0.022225095640962807,0.009142869654389612,0.013082225986573196,Redundante,0.06629790906594486,0.034852937192717204,N/A (nao era lacuna),0,Defensivo,0,Defensivo
23,1610612757,POR,2021,2021-03-25,1626181,Norman Powell,Guards,0.05490978654460293,0.006395762686680525,0.0485140238579224,Redundante,0.06594381742991627,0.049983706806502895,N/A (nao era lacuna),0,Defensivo,0,Defensivo
26,1610612758,SAC,2019,2019-02-07,202692,Alec Burks,Guards,0.13413780374486065,0.023834054632124888,0.11030374911273576,Redundante,-0.06485681512319859,-0.06990587430207008,N/A (nao era lacuna),1,Ofensivo,1,Ofensivo
27,1610612758,SAC,2019,2019-02-07,203084,Harrison Barnes,Forwards,-0.020024779046431004,0.0028857874399276636,-0.02291056648635867,Preenche Lacuna,0.007697293014614176,-0.00994281830120635,Melhorou,1,Ofensivo,1,Ofensivo
29,1610612758,SAC,2019,2019-02-07,1628403,Caleb Swanigan,Forwards,-0.020024779046431004,0.0028857874399276636,-0.02291056648635867,Preenche Lacuna,0.007697293014614176,-0.00994281830120635,Melhorou,1,Ofensivo,1,Ofensivo
32,1610612758,SAC,2020,2020-01-21,203145,Kent Bazemore,Guards,-0.011419465770194369,0.002024279844586766,-0.013443745614781134,Preenche Lacuna,0.07059396950030714,0.08306978029292186,Sim,3,Reconstrução,0,Defensivo
32,1610612758,SAC,2020,2020-01-21,201229,Anthony Tolliver,Forwards,-0.00510164035227619,0.009142869654389612,-0.014244510006665802,Preenche Lacuna,0.023155195897764606,-0.008289775975463053,Melhorou,3,Reconstrução,0,Defensivo
28,1610612758,SAC,2020,2020-02-05,203953,Jabari Parker,Forwards,-0.003019956469777003,0.008603353483624215,-0.011623309953401217,Preenche Lacuna,0.0457470606596608,0.003702511624722439,Sim,3,Reconstrução,0,Defensivo
28,1610612758,SAC,2020,2020-02-05,203458,Alex Len,Centers,0.039901849373082186,0.008186752504185504,0.03171509686889668,Redundante,-0.03893975652897721,-0.0569372006214037,N/A (nao era lacuna),3,Reconstrução,0,Defensivo
30,1610612758,SAC,2021,2021-03-22,1629662,Mfiondu Kabengele,Forwards,-0.008821565616808124,0.02320427272832099,-0.032025838345129114,Preenche Lacuna,0.010746689765880736,-0.005481777537883694,Melhorou,1,Ofensivo,0,Defensivo
19,1610612758,SAC,2021,2021-03-25,1629056,Terence Davis,Guards,-0.040419733653802185,0.006395762686680525,-0.04681549634048271,Preenche Lacuna,-0.07789495873519563,-0.093855069358609,Nao,1,Ofensivo,0,Defensivo
24,1610612758,SAC,2021,2021-03-25,203090,Maurice Harkless,Forwards,-0.01068438171498736,0.014414560851604113,-0.025098942566591474,Preenche Lacuna,0.005265889647995665,-0.0156399430440428,Melhorou,1,Ofensivo,0,Defensivo
24,1610612758,SAC,2021,2021-03-25,1629735,Chris Silva,Forwards,-0.01068438171498736,0.014414560851604113,-0.025098942566591474,Preenche Lacuna,0.005265889647995665,-0.0156399430440428,Melhorou,1,Ofensivo,0,Defensivo
28,1610612758,SAC,2021,2021-03-25,1626153,Delon Wright,Guards,-0.040419733653802185,0.006395762686680525,-0.04681549634048271,Preenche Lacuna,-0.07789495873519563,-0.093855069358609,Nao,1,Ofensivo,0,Defensivo
27,1610612759,SAS,2021,2021-03-25,1627737,Marquese Chriss,Forwards,0.06256908581918087,0.014414560851604113,0.04815452496757676,Redundante,-0.017996280871075323,-0.038902113563113794,N/A (nao era lacuna),0,Defensivo,1,Ofensivo
33,1610612760,OKC,2021,2021-03-17,203086,Meyers Leonard,Centers,0.010522056992824972,-0.00032580765476249743,0.010847864647587468,Redundante,0.013603970983006124,0.02249601117223221,N/A (nao era lacuna),3,Reconstrução,3,Reconstrução
22,1610612760,OKC,2021,2021-03-25,1628396,Tony Bradley,Centers,0.012487020449588172,0.002263604744997538,0.010223415704590634,Redundante,0.013803528983835871,0.015594039951091971,N/A (nao era lacuna),3,Reconstrução,3,Reconstrução
22,1610612760,OKC,2021,2021-03-25,203085,Austin Rivers,Guards,-0.021858415759253066,0.006395762686680525,-0.02825417844593359,Preenche Lacuna,0.006718635827257474,-0.009241474796155898,Melhorou,3,Reconstrução,3,Reconstrução
23,1610612761,TOR,2019,2019-02-07,201188,Marc Gasol,Centers,-0.00822149405860974,-0.00822287782037132,1.3837617615797965e-06,Redundante,-0.0229384411805895,-0.03610325162289246,N/A (nao era lacuna),2,Elite,2,Elite
45,1610612762,UTA,2019,2018-11-28,2594,Kyle Korver,Guards,-0.1279776412856261,0.027996362940711925,-0.15597400422633803,Preenche Lacuna,0.022347299557607135,0.0013530436367658154,Sim,3,Reconstrução,2,Elite
21,1610612762,UTA,2021,2021-03-25,1629744,Matt Thomas,Guards,0.033994552586098147,0.006395762686680525,0.027598789899417622,Redundante,0.040153077617661896,0.024192966994248524,N/A (nao era lacuna),0,Defensivo,0,Defensivo
19,1610612763,MEM,2019,2019-02-07,1628416,Tyler Dorsey,Guards,-0.01273706743339205,0.023834054632124888,-0.03657112206551694,Preenche Lacuna,-0.067035214152801,-0.0720842733316725,Nao,3,Reconstrução,1,Ofensivo
23,1610612763,MEM,2019,2019-02-07,202685,Jonas Valanciunas,Centers,0.015367025015995388,-0.00822287782037132,0.023589902836366708,Redundante,0.0556882109925334,0.042523400550230434,N/A (nao era lacuna),3,Reconstrução,1,Ofensivo
23,1610612763,MEM,2019,2019-02-07,101139,C.J. Miles,Forwards,0.015551860599214843,0.0028857874399276636,0.01266607315928718,Redundante,0.048384040197304655,0.03074392888148413,N/A (nao era lacuna),3,Reconstrução,1,Ofensivo
23,1610612763,MEM,2019,2019-02-07,1626153,Delon Wright,Guards,-0.01273706743339205,0.023834054632124888,-0.03657112206551694,Preenche Lacuna,-0.067035214152801,-0.0720842733316725,Nao,3,Reconstrução,1,Ofensivo
24,1610612763,MEM,2019,2019-02-07,202340,Avery Bradley,Guards,-0.01273706743339205,0.023834054632124888,-0.03657112206551694,Preenche Lacuna,-0.067035214152801,-0.0720842733316725,Nao,3,Reconstrução,1,Ofensivo
18,1610612763,MEM,2020,2020-02-06,203476,Gorgui Dieng,Centers,0.061375224505289115,0.008815473778158885,0.05255975072713023,Redundante,0.04612046074679071,0.03450782587413641,N/A (nao era lacuna),0,Defensivo,1,Ofensivo
18,1610612763,MEM,2020,2020-02-06,1626159,Justise Winslow,Forwards,0.04063795560247333,0.009267634004295509,0.03137032159817782,Redundante,0.07303093010053656,0.01737848172816924,N/A (nao era lacuna),0,Defensivo,1,Ofensivo
18,1610612763,MEM,2020,2020-02-06,203079,Dion Waiters,Guards,-0.08240533697050755,0.0016111065230566101,-0.08401644349356416,Preenche Lacuna,-0.04772281941875584,-0.05239505811105617,Melhorou,0,Defensivo,1,Ofensivo
26,1610612763,MEM,2020,2020-02-06,1628395,Jordan Bell,Centers,0.061375224505289115,0.008815473778158885,0.05255975072713023,Redundante,0.04612046074679071,0.03450782587413641,N/A (nao era lacuna),0,Defensivo,1,Ofensivo
44,1610612764,WAS,2019,2018-12-07,1626155,Sam Dekker,Forwards,0.012759063910543217,0.025380075596655376,-0.01262101168611216,Preenche Lacuna,0.01562887852999474,0.008527498575553426,Sim,1,Ofensivo,1,Ofensivo
43,1610612764,WAS,2019,2018-12-17,2772,Trevor Ariza,Forwards,0.010976953041408695,0.0059993231939457345,0.004977629847462961,Redundante,0.02079470986546641,0.007234529795468762,N/A (nao era lacuna),1,Ofensivo,1,Ofensivo
35,1610612764,WAS,2019,2019-02-06,203953,Jabari Parker,Forwards,0.008596319299624858,0.001290178777678038,0.00730614052194682,Redundante,0.03304227157858853,0.018609315257445275,N/A (nao era lacuna),1,Ofensivo,1,Ofensivo
35,1610612764,WAS,2019,2019-02-06,1626171,Bobby Portis,Forwards,0.008596319299624858,0.001290178777678038,0.00730614052194682,Redundante,0.03304227157858853,0.018609315257445275,N/A (nao era lacuna),1,Ofensivo,1,Ofensivo
25,1610612764,WAS,2019,2019-02-07,202325,Wesley Johnson,Forwards,0.008594007726711,0.0028857874399276636,0.005708220286783336,Redundante,0.038861131363382935,0.02122102004756241,N/A (nao era lacuna),1,Ofensivo,1,Ofensivo
19,1610612764,WAS,2020,2020-02-06,1629010,Jerome Robinson,Guards,-0.023195607849748712,0.0016111065230566101,-0.024806714372805322,Preenche Lacuna,0.1852971334314119,0.18062489473911159,Sim,1,Ofensivo,1,Ofensivo
20,1610612764,WAS,2020,2020-02-06,203894,Shabazz Napier,Guards,-0.023195607849748712,0.0016111065230566101,-0.024806714372805322,Preenche Lacuna,0.1852971334314119,0.18062489473911159,Sim,1,Ofensivo,1,Ofensivo
15,1610612764,WAS,2021,2021-03-25,1628990,Chandler Hutchison,Forwards,0.022351465945851003,0.014414560851604113,0.007936905094246889,Redundante,0.045598444558815114,0.024692611866776647,N/A (nao era lacuna),1,Ofensivo,1,Ofensivo
15,1610612764,WAS,2021,2021-03-25,1629655,Daniel Gafford,Centers,0.03363454060199168,0.002263604744997538,0.031370935856994145,Redundante,-0.06529879338937497,-0.06350828242211887,N/A (nao era lacuna),1,Ofensivo,1,Ofensivo
30,1610612765,DET,2019,2019-02-07,1627748,Thon Maker,Centers,-0.0661258726944742,-0.00822287782037132,-0.05790299487410289,Preenche Lacuna,-0.026428880328162516,-0.039593690770465484,Melhorou,3,Reconstrução,0,Defensivo
21,1610612765,DET,2020,2020-02-06,202688,Brandon Knight,Guards,-0.017227022126298158,0.0016111065230566101,-0.018838128649354767,Preenche Lacuna,-0.004432267623178617,-0.009104506315478943,Melhorou,3,Reconstrução,3,Reconstrução
21,1610612765,DET,2020,2020-02-06,203089,John Henson,Forwards,0.012994576376679681,0.009267634004295509,0.0037269423723841726,Redundante,0.03789410097349039,-0.017758347398876925,N/A (nao era lacuna),3,Reconstrução,3,Reconstrução
35,1610612765,DET,2021,2021-02-07,1628372,Dennis Smith Jr.,Guards,0.00025546922955920983,-0.0028486760729832736,0.0031041453025424832,Redundante,0.0020767685312466956,-0.009848448562763196,N/A (nao era lacuna),3,Reconstrução,3,Reconstrução
34,1610612765,DET,2021,2021-03-12,1628977,Hamidou Diallo,Guards,0.000677647901418851,0.005192480013912238,-0.004514832112493387,Preenche Lacuna,0.0031290446879353446,-0.0077390268736939015,Nao,3,Reconstrução,3,Reconstrução
28,1610612765,DET,2021,2021-03-25,202709,Cory Joseph,Guards,0.001464582489014041,0.006395762686680525,-0.004931180197666484,Preenche Lacuna,0.002969130468934099,-0.012990980154479274,Nao,3,Reconstrução,3,Reconstrução
