team_id,team_abbreviation,season_end_year,WPA_time,games_played,cluster,source
1610612737,ATL,2013,10.0,82.0,0,inpredictable
1610612751,BKN,2013,3.7900000000000005,82.0,0,inpredictable
1610612738,BOS,2013,-0.11000000000000032,81.0,0,inpredictable
1610612766,CHA,2013,-4.44,82.0,2,inpredictable
1610612741,CHI,2013,-3.13,82.0,0,inpredictable
1610612739,CLE,2013,0.22999999999999976,82.0,2,inpredictable
1610612742,DAL,2013,8.73,82.0,1,inpredictable
1610612743,DEN,2013,9.99,82.0,1,inpredictable
1610612765,DET,2013,-2.33,82.0,2,inpredictable
1610612744,GSW,2013,5.97,82.0,3,inpredictable
1610612745,HOU,2013,7.45,82.0,3,inpredictable
1610612754,IND,2013,-3.2600000000000002,81.0,0,inpredictable
1610612746,LAC,2013,13.27,82.0,3,inpredictable
1610612747,LAL,2013,3.6000000000000005,82.0,3,inpredictable
1610612763,MEM,2013,0.029999999999999846,82.0,0,inpredictable
1610612748,MIA,2013,21.87,82.0,3,inpredictable
1610612749,MIL,2013,0.27999999999999997,82.0,1,inpredictable
1610612750,MIN,2013,-7.779999999999999,82.0,2,inpredictable
1610612740,NOP,2013,1.97,82.0,2,inpredictable
1610612752,NYK,2013,8.450000000000001,82.0,3,inpredictable
1610612760,OKC,2013,15.740000000000002,82.0,3,inpredictable
1610612753,ORL,2013,-4.8100000000000005,82.0,2,inpredictable
1610612755,PHI,2013,-2.8700000000000006,82.0,0,inpredictable
1610612756,PHX,2013,-4.010000000000001,82.0,2,inpredictable
1610612757,POR,2013,5.27,82.0,2,inpredictable
1610612758,SAC,2013,-0.9399999999999991,82.0,2,inpredictable
1610612759,SAS,2013,14.38,82.0,3,inpredictable
1610612761,TOR,2013,3.4500000000000006,82.0,1,inpredictable
1610612762,UTA,2013,5.92,82.0,1,inpredictable
1610612764,WAS,2013,-6.55,82.0,0,inpredictable
1610612737,ATL,2014,6.87,82.0,0,inpredictable
1610612751,BKN,2014,4.67,82.0,0,inpredictable
1610612738,BOS,2014,0.21000000000000005,82.0,2,inpredictable
1610612766,CHA,2014,-1.1600000000000004,82.0,0,inpredictable
1610612741,CHI,2014,-3.24,82.0,0,inpredictable
1610612739,CLE,2014,-0.1399999999999998,82.0,1,inpredictable
1610612742,DAL,2014,10.88,82.0,3,inpredictable
1610612743,DEN,2014,0.44,82.0,1,inpredictable
1610612765,DET,2014,-1.9300000000000002,82.0,2,inpredictable
1610612744,GSW,2014,9.72,82.0,3,inpredictable
1610612745,HOU,2014,10.57,82.0,3,inpredictable
1610612754,IND,2014,3.55,82.0,0,inpredictable
1610612746,LAC,2014,17.78,82.0,3,inpredictable
1610612747,LAL,2014,0.32999999999999974,82.0,2,inpredictable
1610612763,MEM,2014,4.62,82.0,0,inpredictable
1610612748,MIA,2014,13.07,82.0,0,inpredictable
1610612749,MIL,2014,-8.14,82.0,2,inpredictable
1610612750,MIN,2014,4.13,82.0,1,inpredictable
1610612740,NOP,2014,8.54,82.0,1,inpredictable
1610612752,NYK,2014,6.68,82.0,0,inpredictable
1610612760,OKC,2014,13.809999999999999,82.0,3,inpredictable
1610612753,ORL,2014,-3.5199999999999996,82.0,2,inpredictable
1610612755,PHI,2014,-6.5,82.0,2,inpredictable
1610612756,PHX,2014,10.610000000000001,82.0,3,inpredictable
1610612757,POR,2014,12.88,82.0,3,inpredictable
1610612758,SAC,2014,-2.17,82.0,2,inpredictable
1610612759,SAS,2014,16.07,82.0,3,inpredictable
1610612761,TOR,2014,6.0200000000000005,82.0,1,inpredictable
1610612762,UTA,2014,2.46,82.0,2,inpredictable
1610612764,WAS,2014,5.37,82.0,1,inpredictable
1610612737,ATL,2015,15.709999999999999,82.0,3,inpredictable
1610612751,BKN,2015,3.23,82.0,0,inpredictable
1610612738,BOS,2015,3.12,82.0,1,inpredictable
1610612766,CHA,2015,-3.91,82.0,0,inpredictable
1610612741,CHI,2015,8.51,82.0,3,inpredictable
1610612739,CLE,2015,10.74,82.0,3,inpredictable
1610612742,DAL,2015,9.790000000000001,81.0,3,inpredictable
1610612743,DEN,2015,-1.7100000000000002,82.0,1,inpredictable
1610612765,DET,2015,1.3900000000000001,82.0,0,inpredictable
1610612744,GSW,2015,16.87,82.0,3,inpredictable
1610612745,HOU,2015,9.0,82.0,3,inpredictable
1610612754,IND,2015,1.6500000000000004,82.0,0,inpredictable
1610612746,LAC,2015,16.08,82.0,3,inpredictable
1610612747,LAL,2015,-4.21,82.0,2,inpredictable
1610612763,MEM,2015,11.78,82.0,0,inpredictable
1610612748,MIA,2015,-0.7299999999999998,82.0,0,inpredictable
1610612749,MIL,2015,0.2100000000000002,82.0,1,inpredictable
1610612750,MIN,2015,-4.4399999999999995,82.0,2,inpredictable
1610612740,NOP,2015,14.29,82.0,0,inpredictable
1610612752,NYK,2015,-4.36,82.0,2,inpredictable
1610612760,OKC,2015,5.390000000000001,82.0,1,inpredictable
1610612753,ORL,2015,-1.5,82.0,2,inpredictable
1610612755,PHI,2015,-13.02,82.0,2,inpredictable
1610612756,PHX,2015,6.05,82.0,1,inpredictable
1610612757,POR,2015,10.950000000000001,82.0,3,inpredictable
1610612758,SAC,2015,-2.6399999999999997,82.0,1,inpredictable
1610612759,SAS,2015,12.39,82.0,3,inpredictable
1610612761,TOR,2015,14.3,82.0,3,inpredictable
1610612762,UTA,2015,1.8900000000000003,81.0,0,inpredictable
1610612764,WAS,2015,0.86,82.0,0,inpredictable
1610612737,ATL,2016,8.87,82.0,3,inpredictable
1610612751,BKN,2016,1.61,82.0,2,inpredictable
1610612738,BOS,2016,10.3,82.0,1,inpredictable
1610612766,CHA,2016,13.13,81.0,3,inpredictable
1610612741,CHI,2016,2.400000000000001,82.0,1,inpredictable
1610612739,CLE,2016,12.9,82.0,3,inpredictable
1610612742,DAL,2016,12.6,82.0,1,inpredictable
1610612743,DEN,2016,2.9499999999999997,82.0,1,inpredictable
1610612765,DET,2016,3.8100000000000005,82.0,1,inpredictable
1610612744,GSW,2016,24.16,82.0,3,inpredictable
1610612745,HOU,2016,7.73,82.0,1,inpredictable
1610612754,IND,2016,4.050000000000001,82.0,0,inpredictable
1610612746,LAC,2016,17.73,82.0,3,inpredictable
1610612747,LAL,2016,-0.68,82.0,2,inpredictable
1610612763,MEM,2016,4.84,82.0,2,inpredictable
1610612748,MIA,2016,6.4,82.0,0,inpredictable
1610612749,MIL,2016,3.6200000000000006,82.0,2,inpredictable
1610612750,MIN,2016,6.3100000000000005,82.0,1,inpredictable
1610612740,NOP,2016,8.32,82.0,1,inpredictable
1610612752,NYK,2016,3.0599999999999996,81.0,0,inpredictable
1610612760,OKC,2016,13.48,82.0,3,inpredictable
1610612753,ORL,2016,4.83,82.0,1,inpredictable
1610612755,PHI,2016,-9.68,82.0,2,inpredictable
1610612756,PHX,2016,-7.22,82.0,2,inpredictable
1610612757,POR,2016,11.18,82.0,3,inpredictable
1610612758,SAC,2016,0.8599999999999998,82.0,1,inpredictable
1610612759,SAS,2016,16.51,82.0,0,inpredictable
1610612761,TOR,2016,14.83,82.0,0,inpredictable
1610612762,UTA,2016,3.7700000000000005,82.0,0,inpredictable
1610612764,WAS,2016,6.210000000000001,82.0,0,inpredictable
1610612737,ATL,2017,6.63,82.0,1,inpredictable
1610612751,BKN,2017,1.8499999999999996,82.0,2,inpredictable
1610612738,BOS,2017,24.400000000000002,82.0,0,inpredictable
1610612766,CHA,2017,16.939999999999998,82.0,0,inpredictable
1610612741,CHI,2017,7.789999999999998,81.0,0,inpredictable
1610612739,CLE,2017,22.759999999999998,82.0,3,inpredictable
1610612742,DAL,2017,11.14,82.0,2,inpredictable
1610612743,DEN,2017,12.72,82.0,1,inpredictable
1610612765,DET,2017,6.92,82.0,0,inpredictable
1610612744,GSW,2017,21.31,81.0,3,inpredictable
1610612745,HOU,2017,21.97,82.0,3,inpredictable
1610612754,IND,2017,17.01,82.0,0,inpredictable
1610612746,LAC,2017,15.4,82.0,3,inpredictable
1610612747,LAL,2017,3.02,82.0,2,inpredictable
1610612763,MEM,2017,11.38,82.0,0,inpredictable
1610612748,MIA,2017,8.4,82.0,0,inpredictable
1610612749,MIL,2017,11.62,82.0,0,inpredictable
1610612750,MIN,2017,8.3,82.0,0,inpredictable
1610612740,NOP,2017,5.999999999999999,82.0,1,inpredictable
1610612752,NYK,2017,8.25,82.0,1,inpredictable
1610612760,OKC,2017,6.8100000000000005,82.0,1,inpredictable
1610612753,ORL,2017,5.24,82.0,2,inpredictable
1610612755,PHI,2017,2.6100000000000003,82.0,2,inpredictable
1610612756,PHX,2017,7.18,82.0,1,inpredictable
1610612757,POR,2017,18.39,82.0,1,inpredictable
1610612758,SAC,2017,10.64,82.0,2,inpredictable
1610612759,SAS,2017,18.07,82.0,0,inpredictable
1610612761,TOR,2017,19.05,82.0,0,inpredictable
1610612762,UTA,2017,15.71,82.0,0,inpredictable
1610612764,WAS,2017,18.0,82.0,1,inpredictable
1610612737,ATL,2018,7.11,82.0,2,inpredictable
1610612751,BKN,2018,12.84,82.0,1,inpredictable
1610612738,BOS,2018,17.919999999999998,82.0,0,inpredictable
1610612766,CHA,2018,9.02,82.0,3,inpredictable
1610612741,CHI,2018,6.37,82.0,2,inpredictable
1610612739,CLE,2018,25.92,82.0,0,inpredictable
1610612742,DAL,2018,10.28,82.0,2,inpredictable
1610612743,DEN,2018,16.93,82.0,3,inpredictable
1610612765,DET,2018,11.63,82.0,0,inpredictable
1610612744,GSW,2018,20.37,81.0,3,inpredictable
1610612745,HOU,2018,28.61,82.0,3,inpredictable
1610612754,IND,2018,12.93,82.0,0,inpredictable
1610612746,LAC,2018,14.559999999999999,82.0,1,inpredictable
1610612747,LAL,2018,10.05,82.0,1,inpredictable
1610612763,MEM,2018,-0.5299999999999996,82.0,2,inpredictable
1610612748,MIA,2018,13.719999999999999,82.0,1,inpredictable
1610612749,MIL,2018,14.29,81.0,0,inpredictable
1610612750,MIN,2018,22.1,81.0,1,inpredictable
1610612740,NOP,2018,20.16,81.0,1,inpredictable
1610612752,NYK,2018,5.69,82.0,2,inpredictable
1610612760,OKC,2018,12.89,81.0,1,inpredictable
1610612753,ORL,2018,2.22,82.0,2,inpredictable
1610612755,PHI,2018,13.38,82.0,3,inpredictable
1610612756,PHX,2018,3.97,82.0,2,inpredictable
1610612757,POR,2018,12.76,82.0,0,inpredictable
1610612758,SAC,2018,4.14,82.0,2,inpredictable
1610612759,SAS,2018,12.43,82.0,0,inpredictable
1610612761,TOR,2018,22.01,82.0,3,inpredictable
1610612762,UTA,2018,12.99,81.0,0,inpredictable
1610612764,WAS,2018,14.290000000000001,82.0,0,inpredictable
1610612737,ATL,2019,-8.8156,82.0,1,espn
1610612751,BKN,2019,-0.998800000000001,82.0,1,espn
1610612738,BOS,2019,8.985594257099999,82.0,0,espn
1610612766,CHA,2019,2.2381000000000015,82.0,0,espn
1610612741,CHI,2019,-19.61559908537,82.0,2,espn
1610612739,CLE,2019,-17.4822,82.0,2,espn
1610612742,DAL,2019,-6.104800000000001,82.0,0,espn
1610612743,DEN,2019,14.1197,82.0,0,espn
1610612765,DET,2019,6.010893032000001,82.0,0,espn
1610612744,GSW,2019,9.659702542,82.0,3,espn
1610612745,HOU,2019,18.0393,82.0,3,espn
1610612754,IND,2019,3.2537,82.0,0,espn
1610612746,LAC,2019,0.8432000000000003,82.0,3,espn
1610612747,LAL,2019,-8.295900000000001,82.0,1,espn
1610612763,MEM,2019,-6.6557,82.0,0,espn
1610612748,MIA,2019,0.01670000000000152,82.0,0,espn
1610612749,MIL,2019,13.1696,82.0,3,espn
1610612750,MIN,2019,-3.37620636143,82.0,1,espn
1610612740,NOP,2019,-10.1435,82.0,1,espn
1610612752,NYK,2019,-23.5145,82.0,2,espn
1610612760,OKC,2019,13.560700000000002,82.0,1,espn
1610612753,ORL,2019,3.9829000000000008,82.0,0,espn
1610612755,PHI,2019,4.506295389100001,82.0,3,espn
1610612756,PHX,2019,-22.149,82.0,2,espn
1610612757,POR,2019,12.180499999999999,82.0,3,espn
1610612758,SAC,2019,-0.4056984884000006,82.0,1,espn
1610612759,SAS,2019,3.21920365819,82.0,0,espn
1610612761,TOR,2019,14.917998768399999,82.0,3,espn
1610612762,UTA,2019,6.9275109205,82.0,3,espn
1610612764,WAS,2019,-8.2859974762,82.0,1,espn
1610612737,ATL,2020,-13.62,67.0,2,espn
1610612751,BKN,2020,-3.381709861400002,64.0,1,espn
1610612738,BOS,2020,12.1600105096,64.0,3,espn
1610612766,CHA,2020,-8.4094061235,65.0,2,espn
1610612741,CHI,2020,-3.7622,65.0,2,espn
1610612739,CLE,2020,-13.1746,65.0,2,espn
1610612742,DAL,2020,6.6662080753,67.0,3,espn
1610612743,DEN,2020,10.7291,65.0,0,espn
1610612765,DET,2020,-11.5540042086,66.0,0,espn
1610612744,GSW,2020,-15.2091,65.0,2,espn
1610612745,HOU,2020,10.4592,64.0,3,espn
1610612754,IND,2020,3.23619981611,65.0,0,espn
1610612746,LAC,2020,8.4788202242,64.0,3,espn
1610612747,LAL,2020,14.8757949613,63.0,3,espn
1610612763,MEM,2020,-2.7528935480000003,65.0,1,espn
1610612748,MIA,2020,5.510903411300001,65.0,3,espn
1610612749,MIL,2020,14.8080156595,65.0,3,espn
1610612750,MIN,2020,-7.5633,64.0,1,espn
1610612740,NOP,2020,-3.2552000000000003,64.0,1,espn
1610612752,NYK,2020,-8.836590954,66.0,2,espn
1610612760,OKC,2020,2.6828999999999996,64.0,0,espn
1610612753,ORL,2020,1.1678999999999993,65.0,0,espn
1610612755,PHI,2020,8.0504913216,65.0,0,espn
1610612756,PHX,2020,-4.782700000000001,65.0,0,espn
1610612757,POR,2020,-7.113005520099999,66.0,0,espn
1610612758,SAC,2020,-2.3447916097000006,64.0,1,espn
1610612759,SAS,2020,-5.9321,63.0,1,espn
1610612761,TOR,2020,12.008,64.0,3,espn
1610612762,UTA,2020,4.227906213,64.0,0,espn
1610612764,WAS,2020,-3.5402999999999993,64.0,1,espn
1610612737,ATL,2021,3.3865,72.0,3,espn
1610612751,BKN,2021,5.917018705399999,72.0,3,espn
1610612738,BOS,2021,1.3176046384999993,72.0,1,espn
1610612766,CHA,2021,-1.6021999999999998,72.0,2,espn
1610612741,CHI,2021,-4.7031,72.0,0,espn
1610612739,CLE,2021,-13.107004575,72.0,2,espn
1610612742,DAL,2021,4.494301257799998,72.0,0,espn
1610612743,DEN,2021,11.7969112312,72.0,1,espn
1610612765,DET,2021,-14.7736,72.0,2,espn
1610612744,GSW,2021,1.5149999999999997,72.0,3,espn
1610612745,HOU,2021,-17.5271,72.0,2,espn
1610612754,IND,2021,-1.7103897601000009,72.0,1,espn
1610612746,LAC,2021,10.358699999999999,72.0,0,espn
1610612747,LAL,2021,5.910699999999999,72.0,0,espn
1610612763,MEM,2021,1.6775,72.0,1,espn
1610612748,MIA,2021,2.0050075958,72.0,0,espn
1610612749,MIL,2021,6.4562067736,72.0,3,espn
1610612750,MIN,2021,-8.483096222199999,72.0,1,espn
1610612740,NOP,2021,-5.600299999999999,72.0,1,espn
1610612752,NYK,2021,3.4769070027999995,72.0,0,espn
1610612760,OKC,2021,-15.5341098172,72.0,2,espn
1610612753,ORL,2021,-13.0714034085,72.0,2,espn
1610612755,PHI,2021,9.6059040273,72.0,3,espn
1610612756,PHX,2021,15.9906,72.0,3,espn
1610612757,POR,2021,11.02352292851,72.0,0,espn
1610612758,SAC,2021,-4.857794956499999,72.0,2,espn
1610612759,SAS,2021,-2.2341999999999995,72.0,1,espn
1610612761,TOR,2021,-2.8534,72.0,0,espn
1610612762,UTA,2021,13.8901961735,72.0,3,espn
1610612764,WAS,2021,-2.9413,72.0,1,espn
1610612737,ATL,2022,24.63,82.0,0,inpredictable
1610612751,BKN,2022,22.740000000000002,82.0,0,inpredictable
1610612738,BOS,2022,20.43,82.0,3,inpredictable
1610612766,CHA,2022,23.57,82.0,1,inpredictable
1610612741,CHI,2022,26.51,82.0,0,inpredictable
1610612739,CLE,2022,16.79,82.0,0,inpredictable
1610612742,DAL,2022,24.8,82.0,0,inpredictable
1610612743,DEN,2022,23.57,82.0,3,inpredictable
1610612765,DET,2022,8.16,82.0,2,inpredictable
1610612744,GSW,2022,20.84,82.0,3,inpredictable
1610612745,HOU,2022,11.049999999999999,82.0,2,inpredictable
1610612754,IND,2022,12.5,82.0,1,inpredictable
1610612746,LAC,2022,21.630000000000003,82.0,0,inpredictable
1610612747,LAL,2022,20.180000000000003,82.0,1,inpredictable
1610612763,MEM,2022,18.970000000000002,82.0,3,inpredictable
1610612748,MIA,2022,22.34,82.0,3,inpredictable
1610612749,MIL,2022,24.68,82.0,3,inpredictable
1610612750,MIN,2022,24.39,82.0,3,inpredictable
1610612740,NOP,2022,14.600000000000001,82.0,1,inpredictable
1610612752,NYK,2022,13.33,82.0,1,inpredictable
1610612760,OKC,2022,8.600000000000001,82.0,2,inpredictable
1610612753,ORL,2022,4.119999999999999,82.0,2,inpredictable
1610612755,PHI,2022,26.080000000000002,82.0,0,inpredictable
1610612756,PHX,2022,30.23,82.0,3,inpredictable
1610612757,POR,2022,11.32,82.0,2,inpredictable
1610612758,SAC,2022,18.23,82.0,2,inpredictable
1610612759,SAS,2022,14.870000000000001,82.0,1,inpredictable
1610612761,TOR,2022,18.26,82.0,0,inpredictable
1610612762,UTA,2022,24.56,82.0,3,inpredictable
1610612764,WAS,2022,20.53,82.0,1,inpredictable
1610612737,ATL,2023,30.16,82.0,1,inpredictable
1610612751,BKN,2023,31.18,82.0,0,inpredictable
1610612738,BOS,2023,31.919999999999998,82.0,3,inpredictable
1610612766,CHA,2023,12.98,82.0,2,inpredictable
1610612741,CHI,2023,27.64,82.0,0,inpredictable
1610612739,CLE,2023,24.55,82.0,0,inpredictable
1610612742,DAL,2023,31.62,82.0,0,inpredictable
1610612743,DEN,2023,29.71,82.0,0,inpredictable
1610612765,DET,2023,12.28,82.0,2,inpredictable
1610612744,GSW,2023,26.330000000000002,82.0,3,inpredictable
1610612745,HOU,2023,5.83,82.0,2,inpredictable
1610612754,IND,2023,26.2,82.0,1,inpredictable
1610612746,LAC,2023,27.810000000000002,82.0,0,inpredictable
1610612747,LAL,2023,27.69,82.0,1,inpredictable
1610612763,MEM,2023,22.51,82.0,3,inpredictable
1610612748,MIA,2023,27.49,82.0,0,inpredictable
1610612749,MIL,2023,27.48,82.0,3,inpredictable
1610612750,MIN,2023,22.900000000000002,82.0,1,inpredictable
1610612740,NOP,2023,20.52,82.0,0,inpredictable
1610612752,NYK,2023,30.8,82.0,1,inpredictable
1610612760,OKC,2023,24.55,82.0,1,inpredictable
1610612753,ORL,2023,19.259999999999998,82.0,2,inpredictable
1610612755,PHI,2023,33.44,82.0,0,inpredictable
1610612756,PHX,2023,21.4,82.0,0,inpredictable
1610612757,POR,2023,27.1,82.0,2,inpredictable
1610612758,SAC,2023,40.120000000000005,82.0,3,inpredictable
1610612759,SAS,2023,12.120000000000001,82.0,2,inpredictable
1610612761,TOR,2023,19.580000000000002,82.0,0,inpredictable
1610612762,UTA,2023,28.31,82.0,1,inpredictable
1610612764,WAS,2023,21.919999999999998,82.0,0,inpredictable
1610612737,ATL,2024,28.37,82.0,1,inpredictable
1610612751,BKN,2024,20.41,82.0,1,inpredictable
1610612738,BOS,2024,33.63,82.0,3,inpredictable
1610612766,CHA,2024,14.090000000000002,82.0,2,inpredictable
1610612741,CHI,2024,26.740000000000002,82.0,1,inpredictable
1610612739,CLE,2024,25.66,82.0,0,inpredictable
1610612742,DAL,2024,31.81,82.0,3,inpredictable
1610612743,DEN,2024,29.24,82.0,0,inpredictable
1610612765,DET,2024,8.950000000000001,82.0,2,inpredictable
1610612744,GSW,2024,27.65,82.0,1,inpredictable
1610612745,HOU,2024,19.63,82.0,1,inpredictable
1610612754,IND,2024,35.92,82.0,3,inpredictable
1610612746,LAC,2024,30.3,82.0,0,inpredictable
1610612747,LAL,2024,29.259999999999998,82.0,1,inpredictable
1610612763,MEM,2024,7.16,82.0,2,inpredictable
1610612748,MIA,2024,23.740000000000002,82.0,0,inpredictable
1610612749,MIL,2024,31.57,82.0,3,inpredictable
1610612750,MIN,2024,26.35,82.0,0,inpredictable
1610612740,NOP,2024,22.41,82.0,3,inpredictable
1610612752,NYK,2024,21.759999999999998,82.0,0,inpredictable
1610612760,OKC,2024,35.88,82.0,3,inpredictable
1610612753,ORL,2024,20.45,82.0,0,inpredictable
1610612755,PHI,2024,27.58,82.0,3,inpredictable
1610612756,PHX,2024,26.78,82.0,3,inpredictable
1610612757,POR,2024,5.67,82.0,2,inpredictable
1610612758,SAC,2024,24.93,82.0,1,inpredictable
1610612759,SAS,2024,11.840000000000002,82.0,2,inpredictable
1610612761,TOR,2024,16.6,82.0,2,inpredictable
1610612762,UTA,2024,17.3,82.0,2,inpredictable
1610612764,WAS,2024,12.45,82.0,2,inpredictable
1610612737,ATL,2025,23.89,82.0,1,inpredictable
1610612751,BKN,2025,11.99,82.0,2,inpredictable
1610612738,BOS,2025,33.28,82.0,3,inpredictable
1610612766,CHA,2025,3.940000000000001,82.0,2,inpredictable
1610612741,CHI,2025,22.27,82.0,3,inpredictable
1610612739,CLE,2025,33.300000000000004,82.0,3,inpredictable
1610612742,DAL,2025,23.060000000000002,82.0,0,inpredictable
1610612743,DEN,2025,31.53,82.0,3,inpredictable
1610612765,DET,2025,23.490000000000002,82.0,1,inpredictable
1610612744,GSW,2025,20.16,82.0,3,inpredictable
1610612745,HOU,2025,13.67,82.0,1,inpredictable
1610612754,IND,2025,31.490000000000002,82.0,1,inpredictable
1610612746,LAC,2025,22.04,82.0,0,inpredictable
1610612747,LAL,2025,29.680000000000003,81.0,0,inpredictable
1610612763,MEM,2025,22.85,82.0,3,inpredictable
1610612748,MIA,2025,19.88,82.0,0,inpredictable
1610612749,MIL,2025,31.75,82.0,0,inpredictable
1610612750,MIN,2025,25.38,82.0,0,inpredictable
1610612740,NOP,2025,11.47,82.0,2,inpredictable
1610612752,NYK,2025,26.57,82.0,0,inpredictable
1610612760,OKC,2025,29.53,82.0,3,inpredictable
1610612753,ORL,2025,11.15,82.0,0,inpredictable
1610612755,PHI,2025,15.5,82.0,2,inpredictable
1610612756,PHX,2025,26.84,82.0,0,inpredictable
1610612757,POR,2025,13.99,81.0,2,inpredictable
1610612758,SAC,2025,25.79,82.0,1,inpredictable
1610612759,SAS,2025,21.0,82.0,0,inpredictable
1610612761,TOR,2025,8.950000000000001,82.0,1,inpredictable
1610612762,UTA,2025,9.18,82.0,2,inpredictable
1610612764,WAS,2025,7.63,82.0,2,inpredictable
