trade_ids,team_id,team_abbreviation,season_end_year,trade_date,n_players_acquired,trade_classification,min_deltaP_acquired,games_pre,games_post,WPA_time_pre,WPA_time_post,WPA_rate_pre,WPA_rate_post,delta_WPA_time,conference,conf_rank_pre_trade,win_pct_pre_trade,objetivo_sazonal,cluster,cluster_name,cluster_post_trade,cluster_name_post_trade
"19,21",1610612737,ATL,2013,2013-02-21,2,Preenche Lacuna,-0.004950883188743597,52,30,2.92,3.32,0.05615384615384615,0.11066666666666666,0.05451282051282051,East,6,0.5576923076923077,Contender,1,Defensivo,1,Defensivo
24,1610612737,ATL,2014,2014-02-19,1,Redundante,0.015252804862096809,52,30,3.57,2.7699999999999996,0.06865384615384615,0.09233333333333332,0.023679487179487174,East,5,0.4807692307692308,Contender,3,Elite,1,Defensivo
16,1610612737,ATL,2016,2016-02-18,1,Preenche Lacuna,-0.0034024462991112236,55,27,6.33,2.29,0.11509090909090909,0.08481481481481482,-0.030276094276094276,East,4,0.5636363636363636,Contender,1,Defensivo,3,Elite
37,1610612737,ATL,2017,2017-01-07,2,Preenche Lacuna,-0.005982084250740776,36,46,3.0699999999999994,4.619999999999999,0.08527777777777776,0.10043478260869564,0.015157004830917878,East,4,0.5555555555555556,Contender,1,Defensivo,0,Ofensivo
30,1610612737,ATL,2017,2017-02-22,1,Preenche Lacuna,-0.002957778596632583,56,26,7.500000000000001,0.18999999999999984,0.13392857142857145,0.0073076923076923015,-0.12662087912087916,East,5,0.5714285714285714,Contender,0,Ofensivo,0,Ofensivo
88,1610612737,ATL,2018,2018-02-08,1,Preenche Lacuna,-0.0015984159407554741,54,28,5.0699999999999985,0.77,0.09388888888888886,0.0275,-0.06638888888888886,East,15,0.3148148148148148,Tanking,2,Reconstrução,2,Reconstrução
"19,28",1610612737,ATL,2019,2019-02-07,2,Preenche Lacuna,-0.0363064953061063,53,29,-6.5809999999999995,-2.2346000000000004,-0.1241698113207547,-0.07705517241379312,0.04711463890696159,East,12,0.33962264150943394,Tanking,2,Reconstrução,0,Ofensivo
33,1610612737,ATL,2020,2020-01-16,2,Preenche Lacuna,-0.010234053899320101,41,26,-11.632200000000001,-1.9878,-0.2837121951219512,-0.07645384615384615,0.20725834896810508,East,15,0.21951219512195122,Tanking,2,Reconstrução,0,Ofensivo
"28,29",1610612737,ATL,2020,2020-02-05,2,Redundante,0.011039155680870692,51,16,-12.372499999999999,-1.2475,-0.24259803921568626,-0.07796875,0.16462928921568626,East,14,0.2549019607843137,Tanking,2,Reconstrução,0,Ofensivo
"24,25",1610612737,ATL,2020,2020-02-06,2,Preenche Lacuna,-0.01295506430710588,52,15,-11.9357,-1.6843000000000001,-0.22953269230769233,-0.11228666666666667,0.11724602564102565,East,14,0.2692307692307692,Tanking,2,Reconstrução,0,Ofensivo
33,1610612737,ATL,2022,2022-01-13,1,Redundante,0.0011443444320589635,40,42,7.9,16.73,0.1975,0.3983333333333333,0.2008333333333333,East,12,0.425,Tanking,1,Defensivo,1,Defensivo
"18,19",1610612737,ATL,2023,2023-02-09,3,Preenche Lacuna,-0.0004370968769653368,55,27,20.08,10.08,0.3650909090909091,0.37333333333333335,0.008242424242424273,East,8,0.4909090909090909,Intermediario,0,Ofensivo,0,Ofensivo
"19,20",1610612737,ATL,2025,2025-02-06,3,Preenche Lacuna,-0.0050464110228684335,51,31,12.74,11.15,0.24980392156862746,0.3596774193548387,0.10987349778621125,East,9,0.45098039215686275,Intermediario,0,Ofensivo,0,Ofensivo
32,1610612738,BOS,2014,2014-01-07,2,Preenche Lacuna,-0.003815973120555245,34,48,-1.8999999999999997,-3.92,-0.05588235294117646,-0.08166666666666667,-0.025784313725490206,East,9,0.38235294117647056,Intermediario,2,Reconstrução,2,Reconstrução
31,1610612738,BOS,2014,2014-01-15,1,Redundante,,39,43,-2.6799999999999997,-3.1400000000000006,-0.06871794871794872,-0.0730232558139535,-0.004305307096004782,East,12,0.3333333333333333,Tanking,2,Reconstrução,2,Reconstrução
34,1610612738,BOS,2015,2015-01-12,2,Preenche Lacuna,-0.041233722943984516,35,47,-1.3800000000000003,4.55,-0.03942857142857144,0.09680851063829787,0.1362370820668693,East,12,0.34285714285714286,Tanking,0,Ofensivo,0,Ofensivo
33,1610612738,BOS,2015,2015-01-13,1,Redundante,0.0939369412006358,36,46,-1.02,4.19,-0.028333333333333335,0.09108695652173913,0.11942028985507247,East,12,0.3611111111111111,Tanking,0,Ofensivo,0,Ofensivo
32,1610612738,BOS,2015,2015-01-15,2,Preenche Lacuna,-0.04819205283448314,37,45,-1.1799999999999997,4.3500000000000005,-0.031891891891891885,0.09666666666666668,0.12855855855855858,East,13,0.35135135135135137,Tanking,0,Ofensivo,0,Ofensivo
"21,23",1610612738,BOS,2015,2015-02-19,2,Preenche Lacuna,-0.03747438501287509,51,31,-1.1400000000000001,4.31,-0.02235294117647059,0.1390322580645161,0.1613851992409867,East,10,0.39215686274509803,Intermediario,0,Ofensivo,0,Ofensivo
32,1610612738,BOS,2022,2022-01-19,2,Preenche Lacuna,-0.001977373313657062,45,37,8.56,11.870000000000001,0.19022222222222224,0.32081081081081086,0.13058858858858863,East,10,0.5111111111111111,Intermediario,0,Ofensivo,3,Elite
"18,22",1610612738,BOS,2022,2022-02-10,2,Preenche Lacuna,-0.0006227599797110879,56,26,11.83,8.600000000000001,0.21125,0.3307692307692308,0.11951923076923082,East,7,0.5535714285714286,Intermediario,0,Ofensivo,3,Elite
22,1610612738,BOS,2023,2023-02-09,1,Preenche Lacuna,-0.0008912514181412335,55,27,20.939999999999998,10.98,0.3807272727272727,0.4066666666666667,0.025939393939393984,East,1,0.7090909090909091,Contender,3,Elite,3,Elite
34,1610612738,BOS,2024,2024-02-07,1,Redundante,0.0031342560811640904,50,32,19.480000000000004,14.15,0.38960000000000006,0.4421875,0.052587499999999954,East,1,0.76,Contender,3,Elite,3,Elite
21,1610612738,BOS,2024,2024-02-08,1,Preenche Lacuna,-0.0017302558508257484,51,31,20.1,13.530000000000001,0.3941176470588236,0.4364516129032258,0.042333965844402244,East,1,0.7647058823529411,Contender,3,Elite,3,Elite
33,1610612739,CLE,2014,2014-01-06,1,Preenche Lacuna,-0.007074740962615585,34,48,-4.140000000000001,1.8399999999999999,-0.12176470588235296,0.03833333333333333,0.16009803921568627,East,13,0.3235294117647059,Tanking,2,Reconstrução,1,Defensivo
20,1610612739,CLE,2014,2014-02-20,1,Preenche Lacuna,-0.0074107806755306736,55,27,-3.5300000000000002,1.2300000000000002,-0.06418181818181819,0.045555555555555564,0.10973737373737374,East,10,0.4,Intermediario,0,Ofensivo,1,Defensivo
29,1610612739,CLE,2015,2015-01-05,2,Preenche Lacuna,-0.014514728443456432,34,48,2.63,7.790000000000001,0.07735294117647058,0.1622916666666667,0.08493872549019611,East,5,0.5588235294117647,Contender,1,Defensivo,3,Elite
36,1610612739,CLE,2015,2015-01-07,1,Redundante,0.0023595818001833336,35,47,2.3700000000000006,8.05,0.06771428571428573,0.17127659574468088,0.10356231003039515,East,5,0.5428571428571428,Contender,1,Defensivo,3,Elite
19,1610612739,CLE,2016,2016-02-18,1,Redundante,0.0021613570678973813,52,30,7.880000000000001,5.180000000000001,0.15153846153846157,0.1726666666666667,0.021128205128205124,East,1,0.7307692307692307,Contender,3,Elite,3,Elite
37,1610612739,CLE,2017,2017-01-07,1,Redundante,0.0009542208195604529,35,47,8.969999999999999,13.96,0.25628571428571423,0.2970212765957447,0.04073556231003045,East,1,0.7714285714285715,Contender,3,Elite,3,Elite
"81,82",1610612739,CLE,2018,2018-02-08,4,Preenche Lacuna,-0.004115596816011497,53,29,15.3,10.48,0.28867924528301886,0.3613793103448276,0.07270006506180876,East,3,0.5849056603773585,Contender,1,Defensivo,3,Elite
45,1610612739,CLE,2019,2018-11-28,1,Preenche Lacuna,-0.034854285557566304,19,63,-3.7567,-13.7255,-0.19772105263157894,-0.21786507936507937,-0.020144026733500436,East,15,0.21052631578947367,Tanking,2,Reconstrução,2,Reconstrução
44,1610612739,CLE,2019,2018-12-07,2,Preenche Lacuna,-0.04035479005321362,24,58,-5.0249999999999995,-12.4572,-0.20937499999999998,-0.21477931034482758,-0.005404310344827606,East,13,0.20833333333333334,Tanking,2,Reconstrução,2,Reconstrução
37,1610612739,CLE,2019,2019-02-04,2,Preenche Lacuna,-0.017335206523400593,53,29,-12.9906,-4.491599999999999,-0.2451056603773585,-0.15488275862068962,0.09022290175666889,East,14,0.20754716981132076,Tanking,2,Reconstrução,2,Reconstrução
26,1610612739,CLE,2019,2019-02-07,2,Preenche Lacuna,-0.022759042283438585,54,28,-13.136800000000001,-4.345400000000001,-0.2432740740740741,-0.15519285714285716,0.08808121693121693,East,14,0.2037037037037037,Tanking,2,Reconstrução,2,Reconstrução
34,1610612739,CLE,2020,2019-12-23,1,Redundante,0.004304374079712081,29,36,-5.6715,-7.5031,-0.19556896551724137,-0.20841944444444443,-0.012850478927203063,East,13,0.27586206896551724,Tanking,2,Reconstrução,2,Reconstrução
21,1610612739,CLE,2020,2020-02-06,1,Redundante,0.004794286601247916,52,13,-11.9182,-1.2563999999999997,-0.22919615384615386,-0.09664615384615383,0.13255000000000003,East,15,0.25,Tanking,2,Reconstrução,0,Ofensivo
26,1610612739,CLE,2021,2021-03-25,1,Redundante,0.0169156608405077,44,28,-5.056004575,-8.051,-0.11490919488636364,-0.2875357142857143,-0.17262651939935064,East,12,0.38636363636363635,Tanking,2,Reconstrução,2,Reconstrução
35,1610612739,CLE,2022,2022-01-03,1,Preenche Lacuna,-0.014072877756323494,37,45,5.489999999999999,11.3,0.14837837837837836,0.2511111111111111,0.10273273273273276,East,5,0.5675675675675675,Contender,1,Defensivo,1,Defensivo
30,1610612739,CLE,2022,2022-02-07,1,Preenche Lacuna,-0.007720225563052476,54,28,9.65,7.140000000000001,0.1787037037037037,0.255,0.0762962962962963,East,4,0.6111111111111112,Contender,1,Defensivo,1,Defensivo
20,1610612739,CLE,2025,2025-02-06,1,Preenche Lacuna,-0.00499245148860584,51,31,21.840000000000003,11.46,0.4282352941176471,0.3696774193548387,-0.05855787476280838,East,1,0.803921568627451,Contender,3,Elite,3,Elite
30,1610612740,NOH,2014,2014-01-21,1,Preenche Lacuna,-0.05670913953070375,40,42,1.2399999999999998,6.390000000000001,0.030999999999999993,0.15214285714285716,0.12114285714285716,West,12,0.4,Tanking,0,Ofensivo,1,Defensivo
34,1610612740,NOH,2015,2015-01-12,1,Preenche Lacuna,-0.049812323548550086,36,46,3.33,6.14,0.0925,0.1334782608695652,0.040978260869565214,West,9,0.5,Intermediario,1,Defensivo,1,Defensivo
"18,22",1610612740,NOH,2015,2015-02-19,4,Preenche Lacuna,-0.029363450186564034,53,29,5.109999999999999,4.36,0.09641509433962263,0.1503448275862069,0.053929733246584274,West,10,0.5094339622641509,Intermediario,1,Defensivo,1,Defensivo
17,1610612740,NOH,2016,2016-02-18,1,Redundante,0.009901532203125776,53,29,4.540000000000001,1.6799999999999997,0.08566037735849058,0.05793103448275861,-0.02772934287573197,West,12,0.37735849056603776,Tanking,2,Reconstrução,0,Ofensivo
31,1610612740,NOH,2017,2017-02-20,2,Preenche Lacuna,-0.004621557153729515,57,25,3.2199999999999993,2.79,0.056491228070175425,0.1116,0.05510877192982458,West,11,0.40350877192982454,Tanking,0,Ofensivo,0,Ofensivo
92,1610612740,NOH,2018,2018-02-01,1,Redundante,0.004981738469588484,49,32,12.73,7.390000000000001,0.25979591836734695,0.23093750000000002,-0.028858418367346927,West,7,0.54,Intermediario,0,Ofensivo,0,Ofensivo
89,1610612740,NOH,2018,2018-02-08,1,Preenche Lacuna,-0.0032929390203646613,52,29,13.18,6.94,0.25346153846153846,0.23931034482758623,-0.01415119363395223,West,8,0.5283018867924528,Intermediario,0,Ofensivo,0,Ofensivo
"25,30",1610612740,NOH,2019,2019-02-07,3,Redundante,0.008327469899136797,55,27,-5.7612000000000005,-4.382300000000001,-0.10474909090909092,-0.16230740740740743,-0.05755831649831651,West,13,0.43636363636363634,Tanking,0,Ofensivo,0,Ofensivo
17,1610612740,NOH,2021,2021-03-25,2,Preenche Lacuna,-0.059699297800910996,43,29,-2.9114999999999998,-2.6887999999999996,-0.0677093023255814,-0.09271724137931034,-0.025007939053728945,West,11,0.4418604651162791,Tanking,0,Ofensivo,0,Ofensivo
29,1610612740,NOH,2022,2022-02-08,3,Preenche Lacuna,-0.007133752216134872,53,29,7.859999999999999,6.74,0.14830188679245282,0.23241379310344829,0.08411190631099547,West,10,0.39622641509433965,Intermediario,2,Reconstrução,0,Ofensivo
15,1610612740,NOH,2023,2023-02-09,1,Preenche Lacuna,-0.004287711267923753,56,26,13.89,6.629999999999999,0.2480357142857143,0.25499999999999995,0.006964285714285645,West,7,0.5178571428571429,Intermediario,0,Ofensivo,1,Defensivo
24,1610612740,NOH,2025,2025-02-06,2,Preenche Lacuna,-0.0031612739424767807,51,31,6.29,5.18,0.12333333333333334,0.16709677419354838,0.04376344086021504,West,15,0.23529411764705882,Tanking,2,Reconstrução,2,Reconstrução
33,1610612741,CHI,2014,2014-01-06,1,Redundante,0.002083926026423778,32,50,-6.16,2.0600000000000005,-0.1925,0.04120000000000001,0.23370000000000002,East,6,0.4375,Contender,1,Defensivo,1,Defensivo
29,1610612741,CHI,2014,2014-01-21,1,Redundante,0.004847939959505944,40,42,-6.300000000000001,2.2000000000000006,-0.15750000000000003,0.052380952380952396,0.20988095238095242,East,4,0.5,Contender,0,Ofensivo,1,Defensivo
22,1610612741,CHI,2017,2017-02-23,3,Preenche Lacuna,-0.023455394368280168,56,25,4.17,3.4500000000000006,0.07446428571428572,0.138,0.06353571428571429,East,7,0.49122807017543857,Intermediario,1,Defensivo,3,Elite
92,1610612741,CHI,2018,2018-02-01,3,Preenche Lacuna,-0.01519996915612704,51,31,3.4499999999999993,3.08,0.0676470588235294,0.09935483870967741,0.03170777988614802,East,13,0.35294117647058826,Tanking,2,Reconstrução,2,Reconstrução
"85,86",1610612741,CHI,2018,2018-02-08,2,Preenche Lacuna,-0.0065955561321278,53,29,3.54,2.9899999999999998,0.06679245283018868,0.10310344827586206,0.03631099544567337,East,12,0.33962264150943394,Tanking,2,Reconstrução,2,Reconstrução
42,1610612741,CHI,2019,2019-01-03,2,Preenche Lacuna,-0.038923111099866896,38,44,-11.689499085369999,-7.9261,-0.307618396983421,-0.18013863636363636,0.12747976061978467,East,13,0.2631578947368421,Tanking,2,Reconstrução,2,Reconstrução
41,1610612741,CHI,2019,2019-01-07,1,Preenche Lacuna,-0.0333024395468802,40,42,-12.46889908537,-7.146700000000001,-0.31172247713425,-0.17015952380952384,0.14156295332472615,East,14,0.25,Tanking,2,Reconstrução,2,Reconstrução
40,1610612741,CHI,2019,2019-01-22,1,Redundante,0.0005415206819000141,47,35,-14.309299085370002,-5.306299999999999,-0.30445317202914896,-0.1516085714285714,0.15284460060057756,East,13,0.23404255319148937,Tanking,2,Reconstrução,0,Ofensivo
38,1610612741,CHI,2019,2019-02-01,1,Preenche Lacuna,-0.020397465150829266,52,30,-15.75019908537,-3.8654,-0.30288844394942305,-0.12884666666666666,0.17404177728275638,East,13,0.23076923076923078,Tanking,2,Reconstrução,0,Ofensivo
35,1610612741,CHI,2019,2019-02-06,1,Redundante,0.003424254948547102,53,29,-16.114699085370003,-3.5008999999999997,-0.30405092613905665,-0.12072068965517241,0.18333023648388425,East,13,0.22641509433962265,Tanking,2,Reconstrução,0,Ofensivo
"14,15",1610612741,CHI,2021,2021-03-25,5,Preenche Lacuna,-0.0421320771329598,43,29,-2.8503999999999996,-1.8526999999999996,-0.06628837209302324,-0.06388620689655171,0.0024021651964715313,East,10,0.4418604651162791,Intermediario,0,Ofensivo,1,Defensivo
30,1610612741,CHI,2025,2025-02-03,3,Redundante,0.0038717300661842025,50,32,11.86,10.41,0.2372,0.3253125,0.08811250000000001,East,10,0.42,Intermediario,3,Elite,0,Ofensivo
21,1610612742,DAL,2013,2013-02-21,1,Redundante,0.0006219134630600157,53,29,4.42,5.38,0.08339622641509434,0.18551724137931033,0.102121014964216,West,11,0.4528301886792453,Tanking,0,Ofensivo,1,Defensivo
40,1610612742,DAL,2015,2014-12-18,2,Preenche Lacuna,-0.0015793419729595477,27,54,7.37,4.01,0.27296296296296296,0.07425925925925926,-0.19870370370370372,West,6,0.7037037037037037,Contender,3,Elite,0,Ofensivo
23,1610612742,DAL,2017,2017-02-23,1,Preenche Lacuna,-0.005079132797921188,56,26,6.64,3.18,0.11857142857142856,0.12230769230769231,0.003736263736263748,West,12,0.39285714285714285,Tanking,1,Defensivo,2,Reconstrução
78,1610612742,DAL,2018,2018-02-08,1,Redundante,0.010071870088504915,54,28,7.15,2.4499999999999997,0.13240740740740742,0.0875,-0.044907407407407424,West,15,0.3148148148148148,Tanking,1,Defensivo,2,Reconstrução
39,1610612742,DAL,2019,2019-01-31,4,Preenche Lacuna,-0.08104132294177173,50,32,-1.4487000000000005,-4.656099999999999,-0.02897400000000001,-0.14550312499999996,-0.11652912499999994,West,12,0.46,Tanking,1,Defensivo,2,Reconstrução
31,1610612742,DAL,2020,2020-01-24,1,Preenche Lacuna,-0.03219961839575304,44,23,5.816508075300001,0.8497,0.1321933653477273,0.036943478260869564,-0.09524988708685773,West,5,0.6363636363636364,Contender,3,Elite,0,Ofensivo
30,1610612742,DAL,2020,2020-01-25,1,Preenche Lacuna,-0.03466778459880202,44,23,5.816508075300001,0.8497,0.1321933653477273,0.036943478260869564,-0.09524988708685773,West,5,0.6363636363636364,Contender,3,Elite,0,Ofensivo
17,1610612742,DAL,2022,2022-02-10,2,Preenche Lacuna,-0.004516391729054285,55,27,13.389999999999999,11.41,0.24345454545454542,0.4225925925925926,0.17913804713804715,West,5,0.5818181818181818,Contender,1,Defensivo,1,Defensivo
27,1610612742,DAL,2023,2023-02-06,2,Preenche Lacuna,-5.55188045765001e-05,54,28,18.990000000000002,12.629999999999999,0.3516666666666667,0.4510714285714285,0.09940476190476183,West,6,0.5185185185185185,Contender,1,Defensivo,1,Defensivo
"24,28",1610612742,DAL,2024,2024-02-08,2,Preenche Lacuna,-0.0012305043859444243,51,31,19.58,12.23,0.38392156862745097,0.3945161290322581,0.010594560404807107,West,8,0.5490196078431373,Intermediario,3,Elite,3,Elite
31,1610612742,DAL,2025,2025-02-02,2,Redundante,0.0018517547656716014,49,33,14.63,8.43,0.2985714285714286,0.25545454545454543,-0.043116883116883165,West,8,0.5306122448979592,Intermediario,1,Defensivo,2,Reconstrução
28,1610612742,DAL,2025,2025-02-04,1,Preenche Lacuna,-0.00436596402472964,50,32,14.34,8.72,0.2868,0.2725,-0.01429999999999998,West,8,0.52,Intermediario,1,Defensivo,2,Reconstrução
19,1610612743,DEN,2015,2015-02-19,3,Preenche Lacuna,-0.018488925739863445,53,29,-1.8400000000000003,0.2300000000000001,-0.034716981132075476,0.007931034482758625,0.0426480156148341,West,11,0.37735849056603776,Tanking,0,Ofensivo,0,Ofensivo
36,1610612743,DEN,2017,2017-01-17,1,Preenche Lacuna,-0.01768140086488272,39,43,2.07,10.32,0.05307692307692307,0.24000000000000002,0.18692307692307694,West,9,0.41025641025641024,Intermediario,0,Ofensivo,3,Elite
34,1610612743,DEN,2017,2017-02-13,1,Preenche Lacuna,-0.0010066347212696464,54,28,4.890000000000001,7.500000000000001,0.09055555555555557,0.2678571428571429,0.17730158730158735,West,8,0.4444444444444444,Intermediario,0,Ofensivo,3,Elite
27,1610612743,DEN,2017,2017-02-23,1,Preenche Lacuna,-0.0015216267156540342,56,26,5.03,7.359999999999999,0.08982142857142858,0.28307692307692306,0.19325549450549448,West,8,0.44642857142857145,Intermediario,0,Ofensivo,3,Elite
78,1610612743,DEN,2018,2018-02-08,1,Redundante,0.004420093560999375,54,28,9.07,7.88,0.16796296296296298,0.2814285714285714,0.11346560846560844,West,6,0.5370370370370371,Contender,0,Ofensivo,0,Ofensivo
29,1610612743,DEN,2020,2020-02-05,4,Preenche Lacuna,-0.0007581561257604778,51,14,10.8504,-0.12130000000000007,0.2127529411764706,-0.00866428571428572,-0.2214172268907563,West,3,0.6862745098039216,Contender,1,Defensivo,0,Ofensivo
20,1610612743,DEN,2020,2020-02-06,1,Redundante,0.00974458477848656,52,13,11.3762,-0.6471,0.21877307692307693,-0.04977692307692308,-0.26855,West,3,0.6923076923076923,Contender,1,Defensivo,0,Ofensivo
"25,26",1610612743,DEN,2021,2021-03-25,3,Preenche Lacuna,-0.017147357715857372,44,28,4.3279086263,7.469002604899999,0.09836155968863637,0.2667500930321428,0.16838853334350645,West,5,0.5909090909090909,Contender,0,Ofensivo,0,Ofensivo
32,1610612743,DEN,2022,2022-01-19,1,Preenche Lacuna,-0.003030666226392928,42,40,8.08,15.49,0.19238095238095237,0.38725,0.1948690476190476,West,6,0.5238095238095238,Contender,1,Defensivo,0,Ofensivo
16,1610612743,DEN,2023,2023-02-09,1,Redundante,0.0010137057012398068,55,27,21.68,8.030000000000001,0.3941818181818182,0.29740740740740745,-0.09677441077441074,West,1,0.6909090909090909,Contender,3,Elite,1,Defensivo
31,1610612744,GSW,2014,2014-01-15,2,Preenche Lacuna,-0.0011699403387538578,39,43,2.48,9.04,0.06358974358974359,0.21023255813953487,0.14664281454979128,West,5,0.6410256410256411,Contender,3,Elite,3,Elite
28,1610612744,GSW,2014,2014-02-19,1,Preenche Lacuna,-0.00012689680840101067,53,29,4.390000000000001,7.13,0.0828301886792453,0.24586206896551724,0.16303188028627194,West,7,0.5849056603773585,Intermediario,3,Elite,3,Elite
22,1610612744,GSW,2020,2020-02-06,1,Redundante,9.906475086924986e-05,52,13,-11.6265,-3.5826,-0.22358653846153848,-0.2755846153846154,-0.0519980769230769,West,15,0.23076923076923078,Tanking,2,Reconstrução,2,Reconstrução
19,1610612744,GSW,2023,2023-02-09,1,Redundante,0.0034963389601059573,55,27,16.64,9.69,0.30254545454545456,0.35888888888888887,0.05634343434343431,West,9,0.509090909090909,Intermediario,3,Elite,3,Elite
36,1610612744,GSW,2025,2024-12-15,1,Redundante,0.02201687682377727,24,58,3.5,16.659999999999997,0.14583333333333334,0.28724137931034477,0.14140804597701143,West,5,0.5833333333333334,Contender,3,Elite,3,Elite
14,1610612744,GSW,2025,2025-02-06,1,Redundante,0.0024593636102680817,50,32,9.99,10.170000000000002,0.1998,0.31781250000000005,0.11801250000000005,West,9,0.5,Intermediario,3,Elite,3,Elite
27,1610612745,HOU,2013,2013-02-20,3,Preenche Lacuna,-0.005341888400077664,55,27,5.459999999999999,3.95,0.09927272727272726,0.1462962962962963,0.04702356902356905,West,8,0.5272727272727272,Intermediario,3,Elite,3,Elite
19,1610612745,HOU,2014,2014-02-20,1,Preenche Lacuna,-0.0043972042961944995,54,28,7.42,5.870000000000001,0.1374074074074074,0.2096428571428572,0.07223544973544979,West,3,0.6851851851851852,Contender,3,Elite,3,Elite
"27,28",1610612745,HOU,2015,2015-02-19,2,Redundante,0.004892681245997942,53,29,3.69,3.5599999999999996,0.06962264150943397,0.12275862068965517,0.0531359791802212,West,3,0.6792452830188679,Contender,3,Elite,3,Elite
23,1610612745,HOU,2016,2016-01-22,1,Preenche Lacuna,-0.010837840224978664,44,38,4.33,5.5,0.0984090909090909,0.14473684210526316,0.04632775119617226,West,7,0.5,Intermediario,0,Ofensivo,3,Elite
26,1610612745,HOU,2017,2017-02-23,1,Preenche Lacuna,-0.0004456522358294891,58,24,15.309999999999999,6.890000000000001,0.2639655172413793,0.28708333333333336,0.02311781609195407,West,3,0.6896551724137931,Contender,3,Elite,3,Elite
26,1610612745,HOU,2019,2019-02-07,3,Redundante,0.0179947786236584,54,28,10.2204,7.818900000000001,0.18926666666666667,0.2792464285714286,0.08997976190476195,West,5,0.5925925925925926,Contender,3,Elite,3,Elite
29,1610612745,HOU,2020,2020-02-05,2,Preenche Lacuna,-0.024796427621323308,50,14,9.668099999999999,0.7911000000000001,0.19336199999999998,0.05650714285714287,-0.1368548571428571,West,5,0.64,Contender,3,Elite,3,Elite
26,1610612745,HOU,2020,2020-02-06,1,Preenche Lacuna,-0.015423341951048232,50,14,9.668099999999999,0.7911000000000001,0.19336199999999998,0.05650714285714287,-0.1368548571428571,West,4,0.64,Contender,3,Elite,3,Elite
36,1610612745,HOU,2021,2021-01-22,1,Preenche Lacuna,-0.012663685144676196,13,59,-3.9782,-13.5489,-0.30601538461538463,-0.22964237288135592,0.07637301173402872,West,14,0.3076923076923077,Tanking,1,Defensivo,2,Reconstrução
31,1610612745,HOU,2021,2021-03-19,2,Preenche Lacuna,-0.004801291023183569,39,33,-7.8763,-9.6508,-0.20195641025641026,-0.29244848484848485,-0.09049207459207459,West,14,0.28205128205128205,Tanking,2,Reconstrução,2,Reconstrução
18,1610612745,HOU,2021,2021-03-25,2,Preenche Lacuna,-0.009628764498763322,43,29,-8.769300000000001,-8.7578,-0.20393720930232562,-0.30199310344827585,-0.09805589414595023,West,14,0.27906976744186046,Tanking,2,Reconstrução,2,Reconstrução
18,1610612745,HOU,2022,2022-02-10,2,Preenche Lacuna,-0.0025370573207122576,54,28,7.630000000000001,3.42,0.1412962962962963,0.12214285714285714,-0.019153439153439172,West,15,0.2777777777777778,Tanking,2,Reconstrução,2,Reconstrução
"17,18",1610612745,HOU,2023,2023-02-09,4,Preenche Lacuna,-0.005682510207967349,55,27,2.8999999999999995,2.9299999999999997,0.05272727272727272,0.10851851851851851,0.055791245791245794,West,15,0.23636363636363636,Tanking,2,Reconstrução,2,Reconstrução
35,1610612745,HOU,2024,2024-02-02,1,Preenche Lacuna,-0.00023908580438871492,47,35,10.52,9.11,0.22382978723404254,0.2602857142857143,0.03645592705167175,West,11,0.46808510638297873,Tanking,0,Ofensivo,0,Ofensivo
27,1610612745,HOU,2025,2025-02-05,1,Redundante,0.0012726198780500242,50,32,8.35,5.319999999999999,0.16699999999999998,0.16624999999999998,-0.0007500000000000007,West,3,0.64,Contender,0,Ofensivo,0,Ofensivo
12,1610612745,HOU,2025,2025-02-06,1,Preenche Lacuna,-0.0027385165004092686,50,32,8.35,5.319999999999999,0.16699999999999998,0.16624999999999998,-0.0007500000000000007,West,3,0.64,Contender,0,Ofensivo,0,Ofensivo
32,1610612746,LAC,2015,2015-01-15,1,Redundante,0.0008085060667701836,39,43,7.91,9.07,0.20282051282051283,0.21093023255813953,0.008109719737626697,West,6,0.6666666666666666,Contender,3,Elite,3,Elite
15,1610612746,LAC,2016,2016-02-18,1,Preenche Lacuna,-0.0052876798730313096,53,29,11.06,4.83,0.20867924528301887,0.16655172413793104,-0.04212752114508783,West,4,0.660377358490566,Contender,3,Elite,3,Elite
93,1610612746,LAC,2018,2018-01-29,3,Preenche Lacuna,-0.004560761308288,49,33,7.74,7.57,0.1579591836734694,0.2293939393939394,0.07143475572047,West,9,0.5102040816326531,Intermediario,0,Ofensivo,0,Ofensivo
32,1610612746,LAC,2019,2019-02-06,3,Preenche Lacuna,-0.04041168893395753,55,27,-2.8876000000000004,3.7308000000000003,-0.05250181818181819,0.1381777777777778,0.190679595959596,West,8,0.5454545454545454,Intermediario,1,Defensivo,0,Ofensivo
"22,24",1610612746,LAC,2019,2019-02-07,4,Preenche Lacuna,-0.04200729759620716,55,27,-2.8876000000000004,3.7308000000000003,-0.05250181818181819,0.1381777777777778,0.190679595959596,West,8,0.5454545454545454,Intermediario,1,Defensivo,0,Ofensivo
19,1610612746,LAC,2020,2020-02-06,2,Redundante,0.01011701290477596,51,13,7.9153069971,0.5635132271000001,0.15520209798235293,0.04334717131538462,-0.11185492666696831,West,2,0.7058823529411765,Contender,3,Elite,3,Elite
20,1610612746,LAC,2021,2021-03-25,1,Redundante,0.010861223831454589,45,27,6.684699999999999,3.6739999999999995,0.14854888888888887,0.13607407407407404,-0.012474814814814827,West,3,0.6444444444444445,Contender,1,Defensivo,1,Defensivo
31,1610612746,LAC,2022,2022-02-04,2,Preenche Lacuna,-0.00046256553792832066,54,28,14.73,6.900000000000001,0.2727777777777778,0.24642857142857147,-0.026349206349206317,West,8,0.5,Intermediario,1,Defensivo,3,Elite
24,1610612746,LAC,2022,2022-02-10,2,Preenche Lacuna,-2.4535197929375155e-05,56,26,14.559999999999999,7.07,0.25999999999999995,0.27192307692307693,0.01192307692307698,West,8,0.48214285714285715,Intermediario,1,Defensivo,3,Elite
"14,17",1610612746,LAC,2023,2023-02-09,2,Preenche Lacuna,-0.002089978958718538,58,24,16.89,10.92,0.29120689655172416,0.455,0.16379310344827586,West,6,0.5344827586206896,Contender,1,Defensivo,0,Ofensivo
32,1610612746,LAC,2025,2025-02-01,2,Preenche Lacuna,-0.0007045943873795696,48,34,10.190000000000001,11.850000000000001,0.21229166666666668,0.3485294117647059,0.13623774509803924,West,6,0.5833333333333334,Contender,1,Defensivo,1,Defensivo
"18,19",1610612746,LAC,2025,2025-02-06,2,Preenche Lacuna,-0.0003403471691933455,50,32,10.040000000000001,12.0,0.2008,0.375,0.1742,West,6,0.56,Contender,1,Defensivo,1,Defensivo
"24,26",1610612747,LAL,2017,2017-02-23,3,Preenche Lacuna,-0.01729925037114755,58,24,4.12,1.9600000000000002,0.07103448275862069,0.08166666666666668,0.010632183908045989,West,14,0.3275862068965517,Tanking,2,Reconstrução,2,Reconstrução
82,1610612747,LAL,2018,2018-02-08,2,Preenche Lacuna,-0.005812282839724919,53,29,5.34,4.25,0.10075471698113207,0.14655172413793102,0.04579700715679895,West,11,0.41509433962264153,Tanking,0,Ofensivo,3,Elite
34,1610612747,LAL,2019,2019-02-06,1,Preenche Lacuna,-0.03806386400783627,54,28,-4.2824,-4.013499999999999,-0.07930370370370371,-0.14333928571428567,-0.06403558201058196,West,10,0.5,Intermediario,0,Ofensivo,2,Reconstrução
22,1610612747,LAL,2019,2019-02-07,1,Redundante,0.05475441776681879,54,28,-4.2824,-4.013499999999999,-0.07930370370370371,-0.14333928571428567,-0.06403558201058196,West,10,0.5,Intermediario,0,Ofensivo,2,Reconstrução
28,1610612747,LAL,2023,2023-01-23,1,Preenche Lacuna,-0.0001870737856874312,47,35,16.98,10.71,0.36127659574468085,0.30600000000000005,-0.0552765957446808,West,12,0.46808510638297873,Tanking,0,Ofensivo,0,Ofensivo
"16,24",1610612747,LAL,2023,2023-02-09,4,Preenche Lacuna,-0.004927532750889815,55,27,18.62,9.07,0.33854545454545454,0.33592592592592596,-0.002619528619528577,West,13,0.45454545454545453,Tanking,0,Ofensivo,1,Defensivo
35,1610612747,LAL,2025,2024-12-29,2,Preenche Lacuna,-0.003542945611261627,30,51,10.629999999999999,19.05,0.3543333333333333,0.3735294117647059,0.01919607843137261,West,5,0.5806451612903226,Contender,1,Defensivo,1,Defensivo
31,1610612747,LAL,2025,2025-02-02,3,Preenche Lacuna,-0.0003326500819372212,46,35,16.75,12.93,0.3641304347826087,0.36942857142857144,0.005298136645962737,West,5,0.5957446808510638,Contender,1,Defensivo,1,Defensivo
23,1610612747,LAL,2025,2025-02-06,1,Redundante,0.0005982410215947826,47,34,17.16,12.52,0.3651063829787234,0.36823529411764705,0.0031289111389236623,West,5,0.6041666666666666,Contender,1,Defensivo,1,Defensivo
31,1610612748,MIA,2014,2014-01-15,1,Preenche Lacuna,-0.0042630511372872704,37,45,10.69,8.99,0.2889189189189189,0.19977777777777778,-0.08914114114114113,East,2,0.7297297297297297,Contender,1,Defensivo,1,Defensivo
21,1610612748,MIA,2016,2016-02-16,1,Redundante,0.005818771013393618,53,29,3.04,6.5600000000000005,0.057358490566037736,0.22620689655172416,0.16884840598568643,East,5,0.5471698113207547,Contender,1,Defensivo,0,Ofensivo
"80,88",1610612748,MIA,2018,2018-02-08,2,Preenche Lacuna,-0.007726663891635585,55,27,8.59,5.140000000000001,0.15618181818181817,0.19037037037037038,0.03418855218855221,East,7,0.5272727272727272,Intermediario,1,Defensivo,0,Ofensivo
18,1610612748,MIA,2020,2020-02-06,3,Preenche Lacuna,-0.010637946011859328,50,15,6.346,-0.8350965887000006,0.12692,-0.055673105913333375,-0.1825931059133334,East,4,0.68,Contender,3,Elite,3,Elite
"18,24",1610612748,MIA,2021,2021-03-25,2,Preenche Lacuna,-0.06609462489413526,44,28,-2.3857999999999997,4.3908075958,-0.05422272727272726,0.15681455699285715,0.2110372842655844,East,5,0.5,Contender,1,Defensivo,1,Defensivo
36,1610612748,MIA,2024,2024-01-23,1,Redundante,0.001338271338205051,43,39,13.280000000000001,10.46,0.3088372093023256,0.2682051282051282,-0.0406320810971974,East,6,0.5581395348837209,Contender,1,Defensivo,1,Defensivo
14,1610612748,MIA,2025,2025-02-06,3,Redundante,0.0013065636184179576,49,33,11.370000000000001,8.510000000000002,0.23204081632653062,0.25787878787878793,0.02583797155225731,East,6,0.5102040816326531,Contender,1,Defensivo,1,Defensivo
20,1610612749,MIL,2013,2013-02-21,3,Preenche Lacuna,-0.008932196310015364,53,29,-2.97,1.5400000000000007,-0.05603773584905661,0.053103448275862095,0.1091411841249187,East,8,0.49056603773584906,Intermediario,0,Ofensivo,0,Ofensivo
18,1610612749,MIL,2014,2014-02-20,2,Preenche Lacuna,-0.006306804323754699,53,29,-7.9399999999999995,-0.9400000000000002,-0.14981132075471698,-0.03241379310344828,0.11739752765126871,East,15,0.18867924528301888,Tanking,2,Reconstrução,2,Reconstrução
24,1610612749,MIL,2015,2015-02-19,3,Preenche Lacuna,-0.0151683907414257,53,29,3.170000000000001,-3.990000000000001,0.059811320754717,-0.13758620689655177,-0.19739752765126878,East,6,0.5660377358490566,Contender,1,Defensivo,0,Ofensivo
35,1610612749,MIL,2017,2017-02-02,2,Preenche Lacuna,-0.00511355461391728,48,34,5.859999999999999,8.16,0.12208333333333332,0.24,0.11791666666666667,East,10,0.4375,Intermediario,1,Defensivo,1,Defensivo
91,1610612749,MIL,2018,2018-02-05,1,Redundante,,51,30,10.9,5.32,0.21372549019607845,0.17733333333333334,-0.036392156862745106,East,5,0.5576923076923077,Contender,1,Defensivo,0,Ofensivo
44,1610612749,MIL,2019,2018-12-07,2,Preenche Lacuna,-0.010968156147212464,23,59,3.1448,10.024799999999999,0.13673043478260868,0.16991186440677963,0.03318142962417095,East,2,0.6956521739130435,Contender,3,Elite,3,Elite
30,1610612749,MIL,2019,2019-02-07,1,Redundante,0.012748393471732261,53,29,9.6045,3.5651000000000006,0.18121698113207546,0.1229344827586207,-0.058282498373454755,East,1,0.7547169811320755,Contender,3,Elite,3,Elite
31,1610612749,MIL,2021,2021-03-19,2,Redundante,0.01898927548416965,40,32,3.835399999999999,2.6208067736000005,0.09588499999999997,0.08190021167500001,-0.013984788324999955,East,3,0.65,Contender,3,Elite,3,Elite
24,1610612749,MIL,2022,2022-02-10,1,Preenche Lacuna,-0.0019866344983550765,56,26,14.2,10.48,0.25357142857142856,0.4030769230769231,0.14950549450549455,East,2,0.625,Contender,3,Elite,3,Elite
13,1610612749,MIL,2023,2023-02-09,1,Redundante,0.0019068427371469934,54,28,13.5,13.979999999999999,0.25,0.4992857142857142,0.24928571428571422,East,2,0.6851851851851852,Contender,3,Elite,3,Elite
23,1610612749,MIL,2024,2024-02-08,1,Redundante,0.0006076850988715006,51,31,23.810000000000002,7.76,0.46686274509803927,0.2503225806451613,-0.216540164452878,East,3,0.6470588235294118,Contender,3,Elite,1,Defensivo
"13,18",1610612749,MIL,2025,2025-02-06,3,Preenche Lacuna,-0.0014126737808142203,49,33,17.590000000000003,14.16,0.3589795918367348,0.4290909090909091,0.0701113172541743,East,5,0.5510204081632653,Contender,1,Defensivo,1,Defensivo
39,1610612750,MIN,2015,2014-12-19,1,Redundante,0.009338570719124209,24,58,-1.3199999999999998,-4.76,-0.05499999999999999,-0.08206896551724138,-0.02706896551724139,West,15,0.20833333333333334,Tanking,2,Reconstrução,2,Reconstrução
"30,31",1610612750,MIN,2015,2015-02-10,2,Preenche Lacuna,-0.000279779342255395,52,30,-3.2199999999999998,-2.8600000000000003,-0.06192307692307692,-0.09533333333333334,-0.03341025641025642,West,15,0.21153846153846154,Tanking,2,Reconstrução,2,Reconstrução
25,1610612750,MIN,2015,2015-02-19,1,Preenche Lacuna,-0.0010323466648239719,53,29,-3.7199999999999998,-2.3600000000000003,-0.07018867924528302,-0.0813793103448276,-0.011190631099544573,West,15,0.20754716981132076,Tanking,2,Reconstrução,2,Reconstrução
46,1610612750,MIN,2019,2018-11-10,3,Preenche Lacuna,-0.09323533166537416,13,69,-2.1591,-1.2171063614300015,-0.16608461538461539,-0.01763922262942031,0.14844539275519508,West,13,0.3076923076923077,Tanking,2,Reconstrução,0,Ofensivo
33,1610612750,MIN,2020,2020-01-16,1,Redundante,0.02180403133787887,40,24,-2.9299999999999993,-4.6333,-0.07324999999999998,-0.19305416666666667,-0.11980416666666668,West,12,0.375,Tanking,0,Ofensivo,2,Reconstrução
29,1610612750,MIN,2020,2020-02-05,3,Preenche Lacuna,-0.008119762709664594,49,15,-5.806900000000001,-1.7563999999999997,-0.11850816326530614,-0.11709333333333331,0.0014148299319728247,West,14,0.30612244897959184,Tanking,0,Ofensivo,3,Elite
"18,22",1610612750,MIN,2020,2020-02-06,4,Preenche Lacuna,-0.008108348347212142,50,14,-6.2435,-1.3198,-0.12487,-0.09427142857142858,0.03059857142857142,West,14,0.3,Tanking,0,Ofensivo,3,Elite
24,1610612750,MIN,2023,2023-02-09,2,Redundante,0.001971844432894038,58,24,15.180000000000001,7.720000000000001,0.2617241379310345,0.3216666666666667,0.05994252873563222,West,8,0.5172413793103449,Intermediario,0,Ofensivo,0,Ofensivo
31,1610612750,MIN,2024,2024-02-08,1,Preenche Lacuna,-0.0006714998144834962,51,31,15.87,10.48,0.3111764705882353,0.33806451612903227,0.02688804554079699,West,1,0.6862745098039216,Contender,1,Defensivo,1,Defensivo
41,1610612751,BKN,2015,2014-12-11,1,Redundante,0.013700795690443336,20,62,-1.1900000000000004,3.4900000000000007,-0.05950000000000002,0.056290322580645175,0.1157903225806452,East,8,0.4,Intermediario,2,Reconstrução,1,Defensivo
94,1610612751,BKN,2018,2017-12-07,2,Redundante,0.00321906753737712,23,59,3.7600000000000002,8.66,0.16347826086956524,0.14677966101694914,-0.016698599852616097,East,12,0.391304347826087,Tanking,0,Ofensivo,2,Reconstrução
91,1610612751,BKN,2018,2018-02-05,1,Redundante,0.0022785009941199714,54,28,6.01,6.41,0.1112962962962963,0.22892857142857143,0.11763227513227513,East,12,0.35185185185185186,Tanking,2,Reconstrução,0,Ofensivo
89,1610612751,BKN,2018,2018-02-08,1,Preenche Lacuna,-0.005829973525602851,56,26,6.359999999999999,6.0600000000000005,0.11357142857142856,0.2330769230769231,0.11950549450549454,East,13,0.3392857142857143,Tanking,2,Reconstrução,0,Ofensivo
37,1610612751,BKN,2021,2021-01-14,1,Preenche Lacuna,-0.16083572204707072,13,59,-1.4005000000000003,7.317518705400001,-0.10773076923076925,0.12402574076949155,0.23175651000026082,East,6,0.5384615384615384,Contender,3,Elite,3,Elite
16,1610612751,BKN,2022,2022-02-10,3,Redundante,0.0009098254473798384,54,28,13.54,9.2,0.2507407407407407,0.32857142857142857,0.07783068783068786,East,8,0.5370370370370371,Intermediario,1,Defensivo,0,Ofensivo
27,1610612751,BKN,2023,2023-02-06,2,Preenche Lacuna,-0.001130509024366501,52,30,22.21,8.97,0.4271153846153846,0.29900000000000004,-0.12811538461538458,East,4,0.6153846153846154,Contender,1,Defensivo,1,Defensivo
13,1610612751,BKN,2023,2023-02-09,3,Preenche Lacuna,-0.0013759527288843398,54,28,22.8,8.38,0.4222222222222222,0.2992857142857143,-0.1229365079365079,East,5,0.5925925925925926,Contender,1,Defensivo,1,Defensivo
"16,25",1610612751,BKN,2024,2024-02-08,3,Preenche Lacuna,-0.0020782089744116918,50,32,14.94,5.470000000000001,0.2988,0.17093750000000002,-0.1278625,East,11,0.4,Tanking,0,Ofensivo,2,Reconstrução
36,1610612751,BKN,2025,2024-12-15,2,Redundante,0.0032007392576397023,25,57,8.64,3.3499999999999996,0.3456,0.0587719298245614,-0.2868280701754386,East,10,0.4,Intermediario,2,Reconstrução,2,Reconstrução
35,1610612751,BKN,2025,2024-12-29,2,Redundante,0.0034692789868393317,31,51,7.99,4.0,0.257741935483871,0.0784313725490196,-0.17931056293485137,East,12,0.3870967741935484,Tanking,2,Reconstrução,2,Reconstrução
29,1610612752,NYK,2015,2015-01-05,3,Preenche Lacuna,-0.015729928295738237,36,46,-4.050000000000001,-4.76,-0.11250000000000002,-0.10347826086956521,0.009021739130434803,East,14,0.1388888888888889,Tanking,2,Reconstrução,2,Reconstrução
27,1610612752,NYK,2015,2015-02-19,1,Redundante,0.006427581820805746,53,29,-5.540000000000001,-3.2700000000000005,-0.10452830188679248,-0.11275862068965518,-0.008230318802862707,East,15,0.18867924528301888,Tanking,2,Reconstrução,2,Reconstrução
90,1610612752,NYK,2018,2018-02-07,1,Preenche Lacuna,-0.0033325248171749595,55,27,4.09,1.4,0.07436363636363637,0.05185185185185185,-0.022511784511784518,East,11,0.41818181818181815,Tanking,1,Defensivo,2,Reconstrução
78,1610612752,NYK,2018,2018-02-08,1,Preenche Lacuna,-0.006969157044561213,55,27,4.09,1.4,0.07436363636363637,0.05185185185185185,-0.022511784511784518,East,11,0.41818181818181815,Tanking,1,Defensivo,2,Reconstrução
39,1610612752,NYK,2019,2019-01-31,3,Preenche Lacuna,-0.02939727064133928,50,32,-12.821499999999999,-10.693000000000001,-0.25643,-0.33415625000000004,-0.07772625000000005,East,15,0.2,Tanking,2,Reconstrução,2,Reconstrução
19,1610612752,NYK,2020,2020-02-06,1,Preenche Lacuna,-0.014944669729355695,51,15,-7.609290954,-1.2272999999999998,-0.1492017834117647,-0.08181999999999999,0.06738178341176472,East,13,0.29411764705882354,Tanking,2,Reconstrução,0,Ofensivo
35,1610612752,NYK,2021,2021-02-07,1,Preenche Lacuna,-0.02673020365109632,24,48,-2.0488999999999997,5.5258070028,-0.08537083333333333,0.11512097922499999,0.20049181255833332,East,7,0.4583333333333333,Intermediario,1,Defensivo,1,Defensivo
35,1610612752,NYK,2022,2022-01-03,2,Preenche Lacuna,-0.01245633875423152,37,45,6.699999999999999,6.630000000000001,0.18108108108108106,0.14733333333333334,-0.03374774774774772,East,11,0.4594594594594595,Tanking,1,Defensivo,1,Defensivo
33,1610612752,NYK,2022,2022-01-13,2,Preenche Lacuna,-0.009422883081482251,42,40,8.540000000000001,4.789999999999999,0.20333333333333337,0.11974999999999998,-0.08358333333333338,East,10,0.5,Intermediario,1,Defensivo,0,Ofensivo
21,1610612752,NYK,2023,2023-02-09,1,Redundante,0.0022964347660515165,56,26,18.27,12.53,0.32625,0.4819230769230769,0.15567307692307691,East,7,0.5357142857142857,Intermediario,0,Ofensivo,3,Elite
40,1610612752,NYK,2024,2023-12-30,3,Preenche Lacuna,-0.0071730938244619295,31,51,9.36,12.4,0.30193548387096775,0.24313725490196078,-0.058798228969006966,East,7,0.5483870967741935,Intermediario,1,Defensivo,1,Defensivo
27,1610612752,NYK,2024,2024-02-08,2,Preenche Lacuna,-0.004676918110969712,51,31,14.510000000000002,7.25,0.28450980392156866,0.23387096774193547,-0.05063883617963319,East,3,0.6470588235294118,Contender,1,Defensivo,1,Defensivo
13,1610612752,NYK,2025,2025-02-06,1,Redundante,0.002104074223773308,51,31,18.3,8.27,0.3588235294117647,0.2667741935483871,-0.0920493358633776,East,3,0.6666666666666666,Contender,3,Elite,1,Defensivo
"20,25",1610612753,ORL,2013,2013-02-21,4,Redundante,0.0035560125321724683,54,28,-2.8899999999999997,-3.6399999999999997,-0.053518518518518514,-0.12999999999999998,-0.07648148148148146,East,14,0.2777777777777778,Tanking,2,Reconstrução,2,Reconstrução
24,1610612753,ORL,2016,2016-01-12,1,Preenche Lacuna,-0.012122942254115268,38,44,2.24,3.2800000000000007,0.05894736842105264,0.07454545454545457,0.01559808612440193,East,8,0.5263157894736842,Intermediario,0,Ofensivo,0,Ofensivo
22,1610612753,ORL,2016,2016-02-16,2,Preenche Lacuna,-0.0011773609579121382,52,30,2.2,3.3200000000000007,0.04230769230769231,0.11066666666666669,0.06835897435897438,East,11,0.4423076923076923,Tanking,0,Ofensivo,0,Ofensivo
19,1610612753,ORL,2016,2016-02-18,1,Preenche Lacuna,-0.0011773609579121382,52,30,2.2,3.3200000000000007,0.04230769230769231,0.11066666666666669,0.06835897435897438,East,11,0.4423076923076923,Tanking,0,Ofensivo,0,Ofensivo
32,1610612753,ORL,2017,2017-02-14,1,Redundante,0.007791935955194486,57,25,3.38,1.7899999999999998,0.059298245614035086,0.0716,0.012301754385964911,East,14,0.3684210526315789,Tanking,2,Reconstrução,2,Reconstrução
21,1610612753,ORL,2019,2019-02-07,1,Preenche Lacuna,-0.0709937160253798,54,28,-2.1653000000000002,6.1482,-0.040098148148148154,0.21957857142857143,0.25967671957671956,East,10,0.4074074074074074,Intermediario,1,Defensivo,3,Elite
"14,16,25",1610612753,ORL,2021,2021-03-25,5,Preenche Lacuna,-0.011128239380138608,44,28,-5.157303408499999,-7.9141,-0.1172114411022727,-0.2826464285714286,-0.16543498746915586,East,14,0.3409090909090909,Tanking,2,Reconstrução,2,Reconstrução
25,1610612753,ORL,2022,2022-02-10,2,Preenche Lacuna,-0.024899417388236627,56,26,2.499999999999999,1.6199999999999997,0.04464285714285713,0.06230769230769229,0.017664835164835163,East,14,0.23214285714285715,Tanking,2,Reconstrução,2,Reconstrução
16,1610612753,ORL,2023,2023-02-09,1,Preenche Lacuna,-0.0012824691123172237,55,27,12.510000000000002,6.75,0.2274545454545455,0.25,0.022545454545454507,East,13,0.4,Tanking,2,Reconstrução,1,Defensivo
21,1610612754,IND,2014,2014-02-20,2,Redundante,0.003727816501782274,54,28,3.0,0.8200000000000001,0.05555555555555555,0.029285714285714286,-0.026269841269841266,East,1,0.7592592592592593,Contender,1,Defensivo,1,Defensivo
18,1610612754,IND,2019,2019-02-07,2,Redundante,0.0036578358968961076,54,28,5.787700000000001,-2.5339999999999994,0.10717962962962965,-0.09049999999999998,-0.19767962962962965,East,3,0.6481481481481481,Contender,1,Defensivo,1,Defensivo
37,1610612754,IND,2021,2021-01-14,1,Redundante,0.1459216448539434,11,61,1.5991102399000003,-3.3095000000000003,0.1453736581727273,-0.05425409836065574,-0.19962775653338305,East,4,0.6363636363636364,Contender,1,Defensivo,0,Ofensivo
30,1610612754,IND,2022,2022-02-07,1,Preenche Lacuna,-0.0019327937438179056,55,27,7.830000000000001,4.67,0.1423636363636364,0.17296296296296296,0.03059932659932657,East,13,0.34545454545454546,Tanking,2,Reconstrução,2,Reconstrução
28,1610612754,IND,2022,2022-02-08,3,Preenche Lacuna,-0.0018595055598147306,55,27,7.830000000000001,4.67,0.1423636363636364,0.17296296296296296,0.03059932659932657,East,13,0.34545454545454546,Tanking,2,Reconstrução,2,Reconstrução
21,1610612754,IND,2022,2022-02-10,1,Redundante,0.0024048793645057645,56,26,7.670000000000001,4.83,0.13696428571428573,0.18576923076923077,0.04880494505494504,East,13,0.3392857142857143,Tanking,2,Reconstrução,2,Reconstrução
13,1610612754,IND,2023,2023-02-09,3,Preenche Lacuna,-0.002573613293283668,56,26,15.33,10.870000000000001,0.27375,0.4180769230769231,0.14432692307692313,East,12,0.44642857142857145,Tanking,2,Reconstrução,0,Ofensivo
"37,38",1610612754,IND,2024,2024-01-17,2,Preenche Lacuna,-0.00288510683451749,40,42,18.66,17.259999999999998,0.4665,0.4109523809523809,-0.05554761904761912,East,6,0.575,Contender,3,Elite,0,Ofensivo
"19,22",1610612754,IND,2024,2024-02-08,3,Preenche Lacuna,-0.0016471126684370792,52,30,23.03,12.89,0.44288461538461543,0.4296666666666667,-0.013217948717948735,East,6,0.5576923076923077,Contender,3,Elite,3,Elite
37,1610612754,IND,2025,2024-12-15,1,Preenche Lacuna,-0.007557324669172842,26,56,8.23,23.259999999999998,0.31653846153846155,0.4153571428571428,0.09881868131868127,East,8,0.4230769230769231,Intermediario,0,Ofensivo,3,Elite
26,1610612755,PHI,2013,2013-02-21,1,Redundante,0.013924559146393825,52,30,-2.700000000000001,0.1100000000000001,-0.05192307692307695,0.00366666666666667,0.05558974358974362,East,9,0.4230769230769231,Intermediario,1,Defensivo,1,Defensivo
"20,21,23",1610612755,PHI,2014,2014-02-20,4,Preenche Lacuna,-0.02020781069868511,55,27,-4.38,-2.04,-0.07963636363636363,-0.07555555555555556,0.004080808080808074,East,14,0.2727272727272727,Tanking,2,Reconstrução,2,Reconstrução
41,1610612755,PHI,2015,2014-12-11,2,Preenche Lacuna,-0.018767485739775807,21,61,-5.779999999999999,-11.270000000000001,-0.2752380952380952,-0.18475409836065576,0.09048399687743947,East,15,0.09523809523809523,Tanking,2,Reconstrução,2,Reconstrução
39,1610612755,PHI,2015,2014-12-19,1,Preenche Lacuna,-0.000469139144413606,24,58,-6.75,-10.3,-0.28125,-0.17758620689655175,0.10366379310344825,East,15,0.08333333333333333,Tanking,2,Reconstrução,2,Reconstrução
37,1610612755,PHI,2015,2015-01-07,1,Redundante,0.01180223691530535,33,49,-8.28,-8.77,-0.2509090909090909,-0.17897959183673467,0.07192949907235624,East,14,0.15151515151515152,Tanking,2,Reconstrução,2,Reconstrução
"20,28",1610612755,PHI,2015,2015-02-19,2,Redundante,0.00219358458278477,53,29,-10.55,-6.5,-0.19905660377358492,-0.22413793103448276,-0.025081327260897845,East,14,0.22641509433962265,Tanking,2,Reconstrução,2,Reconstrução
25,1610612755,PHI,2016,2015-12-24,1,Redundante,0.001288065469961474,31,51,-7.65,-0.5300000000000002,-0.24677419354838712,-0.010392156862745102,0.236382036685642,East,15,0.03225806451612903,Tanking,2,Reconstrução,2,Reconstrução
30,1610612755,PHI,2017,2017-02-22,1,Redundante,0.00432625005907749,56,26,2.26,-0.9799999999999999,0.040357142857142855,-0.037692307692307685,-0.07804945054945053,East,13,0.375,Tanking,2,Reconstrução,2,Reconstrução
23,1610612755,PHI,2017,2017-02-23,2,Preenche Lacuna,-0.009111622862096998,56,26,2.26,-0.9799999999999999,0.040357142857142855,-0.037692307692307685,-0.07804945054945053,East,13,0.375,Tanking,2,Reconstrução,2,Reconstrução
94,1610612755,PHI,2018,2017-12-07,1,Preenche Lacuna,-0.002056562821885141,23,59,3.1100000000000003,10.89,0.13521739130434784,0.18457627118644068,0.04935887988209284,East,5,0.5652173913043478,Contender,0,Ofensivo,0,Ofensivo
"32,36",1610612755,PHI,2019,2019-02-06,5,Preenche Lacuna,-0.009843665314810396,54,28,3.0186953891000003,1.4876,0.055901766464814824,0.05312857142857143,-0.0027731950362433963,East,5,0.6296296296296297,Contender,0,Ofensivo,0,Ofensivo
"21,31",1610612755,PHI,2019,2019-02-07,2,Preenche Lacuna,-0.011439273977060023,54,28,3.0186953891000003,1.4876,0.055901766464814824,0.05312857142857143,-0.0027731950362433963,East,5,0.6296296296296297,Contender,0,Ofensivo,0,Ofensivo
23,1610612755,PHI,2020,2020-02-06,2,Redundante,0.006032827611309043,51,14,5.854700000000001,2.1957913216,0.11479803921568629,0.15684223725714283,0.04204419804145654,East,5,0.6078431372549019,Contender,1,Defensivo,3,Elite
22,1610612755,PHI,2021,2021-03-25,2,Preenche Lacuna,-0.0045504378440111345,44,28,5.4548000000000005,4.151104027300001,0.12397272727272729,0.14825371526071432,0.02428098798798703,East,1,0.7045454545454546,Contender,0,Ofensivo,1,Defensivo
16,1610612755,PHI,2022,2022-02-10,2,Preenche Lacuna,-0.00162323884678851,54,28,15.159999999999998,10.92,0.28074074074074074,0.39,0.10925925925925928,East,5,0.5925925925925926,Contender,1,Defensivo,3,Elite
21,1610612755,PHI,2023,2023-02-09,1,Preenche Lacuna,-0.0010930181474972578,53,29,19.200000000000003,14.239999999999998,0.36226415094339626,0.49103448275862066,0.1287703318152244,East,3,0.6415094339622641,Contender,1,Defensivo,3,Elite
"22,23",1610612755,PHI,2024,2024-02-08,2,Redundante,0.0003863705060897851,50,32,18.35,9.23,0.36700000000000005,0.2884375,-0.07856250000000004,East,5,0.6,Contender,0,Ofensivo,1,Defensivo
28,1610612755,PHI,2025,2025-02-04,1,Redundante,0.005182044086004696,48,34,11.49,4.01,0.239375,0.11794117647058823,-0.12143382352941177,East,11,0.3958333333333333,Tanking,2,Reconstrução,2,Reconstrução
22,1610612755,PHI,2025,2025-02-06,1,Redundante,0.004424918853597944,50,32,11.74,3.76,0.2348,0.1175,-0.11730000000000002,East,11,0.4,Tanking,2,Reconstrução,2,Reconstrução
27,1610612756,PHX,2013,2013-02-20,1,Preenche Lacuna,-0.006251488750077512,54,28,-4.55,-4.43,-0.08425925925925926,-0.1582142857142857,-0.07395502645502644,West,15,0.3333333333333333,Tanking,2,Reconstrução,2,Reconstrução
38,1610612756,PHX,2015,2014-12-24,1,Redundante,0.00014492639221945838,30,52,4.46,2.02,0.14866666666666667,0.03884615384615385,-0.10982051282051282,West,8,0.5333333333333333,Intermediario,3,Elite,0,Ofensivo
35,1610612756,PHX,2015,2015-01-09,1,Redundante,0.001247662504467539,38,44,7.4,-0.9200000000000002,0.19473684210526318,-0.020909090909090912,-0.21564593301435409,West,8,0.5789473684210527,Intermediario,3,Elite,2,Reconstrução
32,1610612756,PHX,2015,2015-01-15,1,Redundante,0.000895253490953065,41,41,7.470000000000001,-0.9900000000000002,0.18219512195121954,-0.024146341463414638,-0.20634146341463416,West,8,0.5609756097560976,Intermediario,0,Ofensivo,2,Reconstrução
"18,21,24",1610612756,PHX,2015,2015-02-19,5,Preenche Lacuna,-0.0009022021497680464,54,28,8.89,-2.41,0.16462962962962965,-0.08607142857142858,-0.25070105820105826,West,8,0.5370370370370371,Intermediario,0,Ofensivo,2,Reconstrução
13,1610612756,PHX,2016,2016-02-18,2,Preenche Lacuna,-0.0065276272589442795,54,28,-2.66,-2.58,-0.04925925925925926,-0.09214285714285715,-0.04288359788359789,West,14,0.25925925925925924,Tanking,2,Reconstrução,2,Reconstrução
"21,25",1610612756,PHX,2017,2017-02-23,2,Preenche Lacuna,-0.006993562500837541,57,25,4.499999999999999,1.35,0.07894736842105261,0.054000000000000006,-0.024947368421052607,West,15,0.3157894736842105,Tanking,2,Reconstrução,0,Ofensivo
79,1610612756,PHX,2018,2018-02-08,1,Preenche Lacuna,-0.021752840392687444,56,26,1.2600000000000002,0.5499999999999998,0.022500000000000003,0.021153846153846148,-0.0013461538461538546,West,13,0.32142857142857145,Tanking,2,Reconstrução,2,Reconstrução
43,1610612756,PHX,2019,2018-12-17,2,Preenche Lacuna,-0.041379222141759854,30,52,-8.7959,-13.353100000000001,-0.29319666666666666,-0.2567903846153846,0.036406282051282046,West,15,0.2,Tanking,2,Reconstrução,2,Reconstrução
33,1610612756,PHX,2019,2019-02-06,2,Preenche Lacuna,-0.017429497854721678,55,27,-16.2862,-5.8628,-0.2961127272727273,-0.21714074074074075,0.07897198653198656,West,15,0.2,Tanking,2,Reconstrução,2,Reconstrução
32,1610612756,PHX,2021,2021-03-18,1,Preenche Lacuna,-0.005473203355209873,38,34,6.6874,9.3032,0.1759842105263158,0.2736235294117647,0.09763931888544891,West,2,0.6842105263157895,Contender,1,Defensivo,3,Elite
"19,21",1610612756,PHX,2022,2022-02-10,2,Preenche Lacuna,-0.002084059692107079,54,28,18.630000000000003,11.600000000000001,0.34500000000000003,0.4142857142857143,0.06928571428571428,West,1,0.8148148148148148,Contender,3,Elite,3,Elite
"13,20",1610612756,PHX,2023,2023-02-09,3,Redundante,0.0008827578300718043,56,26,11.930000000000001,9.469999999999999,0.2130357142857143,0.3642307692307692,0.1511950549450549,West,4,0.5357142857142857,Contender,1,Defensivo,1,Defensivo
16,1610612756,PHX,2024,2024-02-08,2,Redundante,0.004692921935715208,51,31,17.27,9.510000000000002,0.33862745098039215,0.30677419354838714,-0.03185325743200501,West,5,0.5882352941176471,Contender,0,Ofensivo,3,Elite
34,1610612756,PHX,2025,2025-01-15,1,Preenche Lacuna,-0.003791448320788317,39,43,12.600000000000001,14.240000000000002,0.3230769230769231,0.33116279069767446,0.008085867620751364,West,11,0.48717948717948717,Tanking,1,Defensivo,0,Ofensivo
21,1610612756,PHX,2025,2025-02-06,2,Preenche Lacuna,-0.00024243815166867348,50,32,16.830000000000002,10.01,0.3366,0.3128125,-0.023787500000000017,West,9,0.5,Intermediario,1,Defensivo,2,Reconstrução
22,1610612757,POR,2013,2013-02-21,1,Preenche Lacuna,-0.009868006312838302,54,28,2.1,1.0399999999999996,0.03888888888888889,0.03714285714285713,-0.0017460317460317593,West,10,0.46296296296296297,Intermediario,0,Ofensivo,2,Reconstrução
19,1610612757,POR,2015,2015-02-19,2,Preenche Lacuna,-0.005763544359977651,53,29,8.17,3.05,0.15415094339622643,0.10517241379310344,-0.04897852960312299,West,3,0.6792452830188679,Contender,3,Elite,3,Elite
"18,20",1610612757,POR,2016,2016-02-18,2,Preenche Lacuna,-0.01516902241349733,54,28,3.2,7.9,0.05925925925925926,0.28214285714285714,0.22288359788359788,West,7,0.5,Intermediario,1,Defensivo,3,Elite
34,1610612757,POR,2017,2017-02-13,1,Preenche Lacuna,-0.0023864817867372766,54,28,11.920000000000002,6.199999999999999,0.22074074074074077,0.2214285714285714,0.0006878306878306262,West,9,0.42592592592592593,Intermediario,0,Ofensivo,0,Ofensivo
37,1610612757,POR,2019,2019-02-04,1,Preenche Lacuna,-0.019555436531124813,52,30,5.3128,6.867699999999999,0.10216923076923078,0.2289233333333333,0.12675410256410252,West,4,0.6153846153846154,Contender,1,Defensivo,0,Ofensivo
29,1610612757,POR,2019,2019-02-07,1,Preenche Lacuna,-0.01916455865262114,53,29,5.070500000000001,7.109999999999999,0.09566981132075474,0.24517241379310342,0.1495026024723487,West,4,0.6037735849056604,Contender,1,Defensivo,0,Ofensivo
32,1610612757,POR,2020,2020-01-21,3,Redundante,0.013082225986573196,45,21,-5.4136055201,-1.6993999999999998,-0.12030234489111111,-0.08092380952380951,0.0393785353673016,West,10,0.4222222222222222,Intermediario,1,Defensivo,1,Defensivo
23,1610612757,POR,2021,2021-03-25,1,Redundante,0.0485140238579224,43,29,6.4665089693,4.557013959209999,0.15038392951860466,0.15713841238655168,0.006754482867947026,West,6,0.5813953488372093,Contender,1,Defensivo,3,Elite
31,1610612757,POR,2022,2022-02-04,3,Preenche Lacuna,-0.0002644399691299872,52,30,10.189999999999998,1.13,0.1959615384615384,0.03766666666666666,-0.15829487179487176,West,10,0.40384615384615385,Intermediario,2,Reconstrução,2,Reconstrução
29,1610612757,POR,2022,2022-02-08,4,Preenche Lacuna,-0.0003813816678977346,54,28,9.62,1.7000000000000004,0.17814814814814814,0.06071428571428573,-0.11743386243386242,West,11,0.3888888888888889,Tanking,2,Reconstrução,2,Reconstrução
27,1610612757,POR,2022,2022-02-09,2,Redundante,0.0005037119128057724,55,27,9.25,2.0700000000000003,0.16818181818181818,0.07666666666666667,-0.09151515151515151,West,11,0.38181818181818183,Tanking,2,Reconstrução,2,Reconstrução
"19,21",1610612757,POR,2023,2023-02-09,4,Preenche Lacuna,-0.002819972611032135,55,27,22.09,5.01,0.4016363636363636,0.18555555555555556,-0.21608080808080807,West,10,0.4909090909090909,Intermediario,1,Defensivo,2,Reconstrução
20,1610612757,POR,2024,2024-02-08,1,Preenche Lacuna,-0.004243992423791065,50,32,6.76,-1.0900000000000005,0.1352,-0.034062500000000016,-0.1692625,West,14,0.3,Tanking,2,Reconstrução,2,Reconstrução
27,1610612758,SAC,2013,2013-02-20,3,Preenche Lacuna,-0.026045712877487047,55,27,-2.12,2.23,-0.03854545454545455,0.08259259259259259,0.12113804713804714,West,14,0.34545454545454546,Tanking,2,Reconstrução,0,Ofensivo
35,1610612758,SAC,2014,2013-11-26,1,Preenche Lacuna,-0.012068773064741013,13,69,-1.0499999999999998,-2.5000000000000004,-0.08076923076923076,-0.03623188405797102,0.04453734671125974,West,14,0.3076923076923077,Tanking,2,Reconstrução,2,Reconstrução
34,1610612758,SAC,2014,2013-12-08,3,Preenche Lacuna,-0.017170148527091988,18,64,-1.0299999999999998,-2.5199999999999996,-0.05722222222222221,-0.03937499999999999,0.017847222222222216,West,14,0.2777777777777778,Tanking,2,Reconstrução,2,Reconstrução
27,1610612758,SAC,2014,2014-02-19,2,Preenche Lacuna,-0.020973477079925924,53,29,-1.0699999999999998,-2.4800000000000004,-0.020188679245283017,-0.08551724137931035,-0.06532856213402734,West,14,0.33962264150943394,Tanking,0,Ofensivo,2,Reconstrução
26,1610612758,SAC,2014,2014-02-20,1,Preenche Lacuna,-0.010195086687133165,54,28,-1.5400000000000005,-2.01,-0.028518518518518526,-0.07178571428571427,-0.043267195767195746,West,14,0.3333333333333333,Tanking,2,Reconstrução,2,Reconstrução
26,1610612758,SAC,2015,2015-02-19,1,Preenche Lacuna,-0.0022825886773681203,52,30,-3.41,0.8300000000000001,-0.06557692307692307,0.02766666666666667,0.09324358974358975,West,13,0.34615384615384615,Tanking,2,Reconstrução,0,Ofensivo
31,1610612758,SAC,2017,2017-02-20,3,Preenche Lacuna,-0.0006034397781875464,57,25,7.1000000000000005,2.59,0.12456140350877194,0.1036,-0.020961403508771945,West,9,0.42105263157894735,Intermediario,2,Reconstrução,2,Reconstrução
"81,84",1610612758,SAC,2018,2018-02-08,3,Preenche Lacuna,-0.01066083149852097,53,29,1.97,1.6999999999999997,0.03716981132075472,0.058620689655172406,0.021450878334417688,West,14,0.32075471698113206,Tanking,2,Reconstrução,2,Reconstrução
"26,27,29",1610612758,SAC,2019,2019-02-07,3,Preenche Lacuna,-0.02291056648635867,54,28,1.7458000000000007,-2.1514984883999997,0.032329629629629646,-0.07683923172857142,-0.10916886135820106,West,9,0.5185185185185185,Intermediario,0,Ofensivo,0,Ofensivo
32,1610612758,SAC,2020,2020-01-21,2,Preenche Lacuna,-0.014244510006665802,43,21,-5.1975916097,2.8528,-0.12087422348139534,0.13584761904761905,0.2567218425290144,West,13,0.3488372093023256,Tanking,2,Reconstrução,1,Defensivo
28,1610612758,SAC,2020,2020-02-05,2,Preenche Lacuna,-0.011623309953401217,50,14,-5.090791609699999,2.746,-0.10181583219399998,0.19614285714285715,0.2979586893368571,West,13,0.38,Tanking,2,Reconstrução,1,Defensivo
30,1610612758,SAC,2021,2021-03-22,1,Preenche Lacuna,-0.032025838345129114,42,30,-3.6658000000000004,-1.1919949564999992,-0.08728095238095239,-0.03973316521666664,0.04754778716428575,West,13,0.40476190476190477,Tanking,2,Reconstrução,1,Defensivo
"19,24,28",1610612758,SAC,2021,2021-03-25,4,Preenche Lacuna,-0.04681549634048271,44,28,-2.7838000000000003,-2.0739949564999995,-0.06326818181818182,-0.07407124844642855,-0.010803066628246732,West,12,0.4318181818181818,Tanking,0,Ofensivo,1,Defensivo
28,1610612758,SAC,2022,2022-02-08,3,Preenche Lacuna,-0.0022170180780022304,55,27,11.28,6.95,0.20509090909090907,0.2574074074074074,0.052316498316498344,West,13,0.36363636363636365,Tanking,2,Reconstrução,2,Reconstrução
24,1610612758,SAC,2022,2022-02-10,3,Preenche Lacuna,-0.0022964739488981647,57,25,11.89,6.34,0.2085964912280702,0.2536,0.045003508771929795,West,12,0.3684210526315789,Tanking,2,Reconstrução,2,Reconstrução
25,1610612758,SAC,2023,2023-02-07,1,Preenche Lacuna,-0.0009876633386590328,53,29,24.04,16.08,0.45358490566037735,0.5544827586206896,0.10089785296031228,West,3,0.5660377358490566,Contender,3,Elite,0,Ofensivo
17,1610612758,SAC,2024,2024-02-08,1,Redundante,0.0005451326895031627,50,32,17.740000000000002,7.1899999999999995,0.35480000000000006,0.22468749999999998,-0.13011250000000008,West,7,0.58,Intermediario,0,Ofensivo,1,Defensivo
30,1610612758,SAC,2025,2025-02-03,2,Preenche Lacuna,-0.0014711506256461677,48,34,14.93,10.860000000000001,0.31104166666666666,0.3194117647058824,0.008370098039215734,West,10,0.5,Intermediario,0,Ofensivo,1,Defensivo
25,1610612758,SAC,2025,2025-02-05,1,Redundante,0.00118323433908503,49,33,15.47,10.32,0.3157142857142857,0.31272727272727274,-0.0029870129870129825,West,8,0.5102040816326531,Intermediario,0,Ofensivo,1,Defensivo
16,1610612758,SAC,2025,2025-02-06,1,Preenche Lacuna,-0.0003500611991567263,50,32,15.6,10.190000000000001,0.312,0.31843750000000004,0.00643750000000004,West,9,0.5,Intermediario,0,Ofensivo,1,Defensivo
22,1610612759,SAS,2014,2014-02-20,1,Preenche Lacuna,-0.009042506809666579,55,27,10.780000000000001,5.01,0.196,0.18555555555555556,-0.01044444444444445,West,2,0.7272727272727273,Contender,3,Elite,3,Elite
27,1610612759,SAS,2021,2021-03-25,1,Redundante,0.04815452496757676,41,31,1.9637999999999995,-4.198,0.047897560975609745,-0.13541935483870968,-0.18331691581431941,West,8,0.5365853658536586,Intermediario,1,Defensivo,0,Ofensivo
27,1610612759,SAS,2022,2022-02-09,1,Redundante,0.0013767372555568702,54,28,6.9799999999999995,7.890000000000001,0.12925925925925924,0.2817857142857143,0.15252645502645507,West,12,0.37037037037037035,Tanking,0,Ofensivo,0,Ofensivo
"22,23",1610612759,SAS,2022,2022-02-10,3,Redundante,0.0014134550905551338,55,27,6.6899999999999995,8.18,0.12163636363636363,0.30296296296296293,0.1813265993265993,West,13,0.36363636363636365,Tanking,0,Ofensivo,0,Ofensivo
29,1610612759,SAS,2023,2023-01-05,1,Preenche Lacuna,-0.000507022920273572,38,44,4.83,7.29,0.12710526315789475,0.16568181818181818,0.03857655502392343,West,14,0.3157894736842105,Tanking,2,Reconstrução,2,Reconstrução
26,1610612759,SAS,2023,2023-02-07,1,Preenche Lacuna,-0.000798342637028898,54,28,7.550000000000001,4.57,0.13981481481481484,0.16321428571428573,0.023399470899470892,West,14,0.25925925925925924,Tanking,2,Reconstrução,2,Reconstrução
"15,23",1610612759,SAS,2023,2023-02-09,2,Preenche Lacuna,-0.001418345767917697,55,27,7.449999999999999,4.670000000000001,0.13545454545454544,0.17296296296296299,0.037508417508417546,West,14,0.2545454545454545,Tanking,2,Reconstrução,2,Reconstrução
22,1610612759,SAS,2024,2024-02-08,1,Redundante,0.0037407197758488244,51,31,6.02,5.82,0.1180392156862745,0.18774193548387097,0.06970271979759647,West,15,0.19607843137254902,Tanking,2,Reconstrução,0,Ofensivo
30,1610612759,SAS,2025,2025-02-03,2,Preenche Lacuna,-0.0037323538978775743,46,36,11.02,9.98,0.23956521739130435,0.27722222222222226,0.03765700483091791,West,12,0.45652173913043476,Tanking,1,Defensivo,2,Reconstrução
13,1610612759,SAS,2025,2025-02-06,1,Redundante,0.0033396400639589575,48,34,11.509999999999998,9.490000000000002,0.23979166666666663,0.2791176470588236,0.039325980392156956,West,12,0.4583333333333333,Tanking,0,Ofensivo,2,Reconstrução
18,1610612760,OKC,2013,2013-02-21,1,Redundante,0.012881965804098373,54,28,10.14,5.48,0.1877777777777778,0.19571428571428573,0.007936507936507936,West,2,0.7222222222222222,Contender,3,Elite,3,Elite
17,1610612760,OKC,2015,2015-02-19,3,Redundante,0.007863990245838929,53,29,1.8200000000000005,3.1099999999999994,0.03433962264150944,0.1072413793103448,0.07290175666883536,West,9,0.5283018867924528,Intermediario,0,Ofensivo,0,Ofensivo
14,1610612760,OKC,2016,2016-02-18,1,Preenche Lacuna,-0.003228511054085931,54,28,10.55,2.9000000000000004,0.1953703703703704,0.10357142857142858,-0.09179894179894181,West,3,0.7407407407407407,Contender,3,Elite,3,Elite
22,1610612760,OKC,2017,2017-02-23,2,Preenche Lacuna,-0.008602159155873824,57,25,3.5700000000000003,4.07,0.06263157894736843,0.1628,0.10016842105263157,West,7,0.5614035087719298,Intermediario,0,Ofensivo,0,Ofensivo
33,1610612760,OKC,2021,2021-03-17,1,Redundante,0.010847864647587468,40,32,-4.418100000000001,-11.1160098172,-0.11045250000000002,-0.3473753067875,-0.2369228067875,West,11,0.425,Tanking,2,Reconstrução,2,Reconstrução
22,1610612760,OKC,2021,2021-03-25,2,Preenche Lacuna,-0.02825417844593359,44,28,-4.2637,-11.270409817200001,-0.09690227272727273,-0.4025146363285715,-0.30561236360129873,West,12,0.4318181818181818,Tanking,2,Reconstrução,2,Reconstrução
34,1610612760,OKC,2022,2022-01-04,1,Preenche Lacuna,-0.006622050650854981,36,46,3.9,4.700000000000001,0.10833333333333334,0.10217391304347828,-0.006159420289855055,West,13,0.3611111111111111,Tanking,2,Reconstrução,2,Reconstrução
26,1610612760,OKC,2022,2022-02-09,1,Redundante,0.0018668659503877482,53,29,4.699999999999999,3.9,0.08867924528301885,0.13448275862068965,0.0458035133376708,West,14,0.32075471698113206,Tanking,2,Reconstrução,2,Reconstrução
"20,22",1610612760,OKC,2023,2023-02-09,2,Preenche Lacuna,-0.0026480978395413924,54,28,15.77,8.780000000000001,0.29203703703703704,0.3135714285714286,0.021534391534391573,West,12,0.48148148148148145,Tanking,0,Ofensivo,1,Defensivo
26,1610612760,OKC,2024,2024-02-08,1,Preenche Lacuna,-0.0015914409403011507,51,31,23.630000000000003,12.25,0.4633333333333334,0.3951612903225806,-0.06817204301075275,West,1,0.6862745098039216,Contender,3,Elite,3,Elite
26,1610612760,OKC,2025,2025-02-05,1,Preenche Lacuna,-0.0029391506970291347,48,34,15.73,13.8,0.3277083333333333,0.40588235294117647,0.07817401960784315,West,1,0.8125,Contender,3,Elite,3,Elite
24,1610612761,TOR,2013,2013-01-30,2,Redundante,0.0072742482512349604,45,37,1.2799999999999996,1.5300000000000002,0.028444444444444435,0.04135135135135136,0.012906906906906924,East,11,0.35555555555555557,Tanking,0,Ofensivo,1,Defensivo
34,1610612761,TOR,2014,2013-12-08,4,Preenche Lacuna,-0.012522977564983401,18,64,-2.05,9.280000000000001,-0.11388888888888887,0.14500000000000002,0.2588888888888889,East,10,0.3333333333333333,Intermediario,0,Ofensivo,0,Ofensivo
22,1610612761,TOR,2014,2014-02-20,1,Redundante,0.005465890512305572,54,28,1.6900000000000002,5.540000000000001,0.0312962962962963,0.1978571428571429,0.1665608465608466,East,3,0.5370370370370371,Contender,1,Defensivo,0,Ofensivo
32,1610612761,TOR,2017,2017-02-14,1,Redundante,0.00048819894344769325,55,27,12.950000000000003,5.8100000000000005,0.2354545454545455,0.2151851851851852,-0.020269360269360298,East,4,0.5818181818181818,Contender,1,Defensivo,1,Defensivo
25,1610612761,TOR,2017,2017-02-23,1,Preenche Lacuna,-0.007454787759794053,57,25,12.62,6.140000000000001,0.22140350877192982,0.2456,0.024196491228070188,East,4,0.5789473684210527,Contender,1,Defensivo,1,Defensivo
84,1610612761,TOR,2018,2018-02-08,1,Redundante,0.005068202489874378,53,29,11.9,10.3,0.22452830188679246,0.3551724137931035,0.13064411190631103,East,2,0.6981132075471698,Contender,3,Elite,3,Elite
23,1610612761,TOR,2019,2019-02-07,1,Redundante,1.3837617615797965e-06,55,27,11.0302987684,3.8876999999999997,0.2005508866981818,0.1439888888888889,-0.05656199780929291,East,2,0.7090909090909091,Contender,1,Defensivo,3,Elite
23,1610612761,TOR,2022,2022-02-10,2,Preenche Lacuna,-0.0030565484722412306,53,29,11.540000000000001,6.720000000000001,0.2177358490566038,0.2317241379310345,0.01398828887443071,East,6,0.5660377358490566,Contender,1,Defensivo,1,Defensivo
23,1610612761,TOR,2023,2023-02-09,1,Preenche Lacuna,-0.0011051229033141822,56,26,12.54,7.04,0.22392857142857142,0.27076923076923076,0.04684065934065934,East,10,0.4642857142857143,Intermediario,0,Ofensivo,1,Defensivo
40,1610612761,TOR,2024,2023-12-30,2,Preenche Lacuna,-0.005293250878017241,31,51,6.95,9.65,0.2241935483870968,0.1892156862745098,-0.034977862112586994,East,11,0.3870967741935484,Tanking,0,Ofensivo,2,Reconstrução
37,1610612761,TOR,2024,2024-01-17,3,Preenche Lacuna,-0.0005800841931435218,40,42,10.450000000000001,6.1499999999999995,0.26125000000000004,0.1464285714285714,-0.11482142857142863,East,12,0.375,Tanking,0,Ofensivo,2,Reconstrução
"25,30",1610612761,TOR,2024,2024-02-08,3,Preenche Lacuna,-0.00045399195152130527,51,31,13.18,3.419999999999999,0.2584313725490196,0.11032258064516126,-0.14810879190385834,East,12,0.35294117647058826,Tanking,2,Reconstrução,2,Reconstrução
"14,17,24",1610612761,TOR,2025,2025-02-06,3,Preenche Lacuna,-0.00760217094324508,51,31,6.05,2.8999999999999995,0.11862745098039215,0.09354838709677418,-0.02507906388361797,East,13,0.3137254901960784,Tanking,0,Ofensivo,0,Ofensivo
16,1610612762,UTA,2016,2016-02-18,1,Preenche Lacuna,-0.004083316504712755,52,30,2.13,1.2799999999999998,0.04096153846153846,0.04266666666666666,0.0017051282051281993,West,7,0.5,Intermediario,1,Defensivo,1,Defensivo
81,1610612762,UTA,2018,2018-02-08,2,Preenche Lacuna,-0.002920569538853255,53,28,7.559999999999999,5.52,0.14264150943396223,0.19714285714285712,0.05450134770889489,West,10,0.48148148148148145,Intermediario,1,Defensivo,1,Defensivo
45,1610612762,UTA,2019,2018-11-28,1,Preenche Lacuna,-0.15597400422633803,21,61,-1.0257,7.9532109205,-0.048842857142857146,0.13038050689344263,0.1792233640362998,West,14,0.42857142857142855,Tanking,2,Reconstrução,3,Elite
21,1610612762,UTA,2021,2021-03-25,1,Redundante,0.027598789899417622,43,29,9.4758,4.4143961735,0.2203674418604651,0.15222055770689655,-0.06814688415356857,West,1,0.7441860465116279,Contender,3,Elite,3,Elite
27,1610612762,UTA,2022,2022-02-09,1,Redundante,0.0014760057155552356,54,28,16.72,7.84,0.3096296296296296,0.27999999999999997,-0.029629629629629617,West,4,0.6111111111111112,Contender,3,Elite,3,Elite
24,1610612762,UTA,2023,2023-02-09,3,Preenche Lacuna,-0.0010060942539068091,56,26,21.61,6.700000000000001,0.38589285714285715,0.2576923076923077,-0.12820054945054943,West,11,0.48214285714285715,Tanking,0,Ofensivo,2,Reconstrução
"30,32",1610612762,UTA,2024,2024-02-08,3,Preenche Lacuna,-0.003150525451203213,52,30,14.700000000000001,2.6,0.2826923076923077,0.08666666666666667,-0.19602564102564102,West,10,0.5,Intermediario,0,Ofensivo,2,Reconstrução
32,1610612762,UTA,2025,2025-02-01,1,Redundante,0.009126595297821463,46,36,4.65,4.530000000000001,0.10108695652173914,0.12583333333333335,0.02474637681159421,West,15,0.21739130434782608,Tanking,2,Reconstrução,2,Reconstrução
31,1610612762,UTA,2025,2025-02-02,1,Preenche Lacuna,-0.012243301217514704,47,35,4.99,4.19,0.10617021276595745,0.11971428571428573,0.013544072948328281,West,15,0.23404255319148937,Tanking,2,Reconstrução,2,Reconstrução
14,1610612762,UTA,2025,2025-02-06,2,Preenche Lacuna,-0.00869469307816547,49,33,5.9799999999999995,3.2,0.1220408163265306,0.09696969696969697,-0.025071119356833635,West,14,0.24489795918367346,Tanking,2,Reconstrução,2,Reconstrução
24,1610612763,MEM,2013,2013-01-30,2,Preenche Lacuna,-0.012152087054694179,44,38,-3.1399999999999997,1.8799999999999997,-0.07136363636363635,0.04947368421052631,0.12083732057416266,West,4,0.6590909090909091,Contender,1,Defensivo,1,Defensivo
23,1610612763,MEM,2013,2013-02-21,1,Preenche Lacuna,-0.0076297465830455465,53,29,-3.3299999999999996,2.0700000000000003,-0.06283018867924528,0.0713793103448276,0.13420949902407286,West,4,0.660377358490566,Contender,1,Defensivo,1,Defensivo
32,1610612763,MEM,2014,2014-01-07,1,Preenche Lacuna,-0.01007146787296643,33,49,-1.38,5.6899999999999995,-0.04181818181818182,0.11612244897959183,0.15794063079777365,West,12,0.45454545454545453,Tanking,1,Defensivo,1,Defensivo
34,1610612763,MEM,2015,2015-01-12,2,Preenche Lacuna,-0.008745974308859972,37,45,7.34,2.96,0.19837837837837838,0.06577777777777778,-0.13260060060060058,West,3,0.7027027027027027,Contender,0,Ofensivo,1,Defensivo
21,1610612763,MEM,2016,2016-02-16,2,Preenche Lacuna,-0.003835288149468402,53,29,4.87,-0.44999999999999996,0.09188679245283018,-0.015517241379310343,-0.10740403383214053,West,5,0.5849056603773585,Contender,1,Defensivo,2,Reconstrução
15,1610612763,MEM,2016,2016-02-18,1,Preenche Lacuna,-0.003835288149468402,53,29,4.87,-0.44999999999999996,0.09188679245283018,-0.015517241379310343,-0.10740403383214053,West,5,0.5849056603773585,Contender,1,Defensivo,2,Reconstrução
83,1610612763,MEM,2018,2018-02-08,1,Redundante,0.011752605749823102,54,28,1.0300000000000005,0.32000000000000006,0.019074074074074084,0.01142857142857143,-0.007645502645502653,West,12,0.3333333333333333,Tanking,2,Reconstrução,2,Reconstrução
"19,23,24",1610612763,MEM,2019,2019-02-07,5,Preenche Lacuna,-0.03657112206551694,55,27,-4.603600000000002,-2.0521,-0.08370181818181821,-0.0760037037037037,0.007698114478114512,West,14,0.4,Tanking,1,Defensivo,0,Ofensivo
"18,26",1610612763,MEM,2020,2020-02-06,4,Preenche Lacuna,-0.08401644349356416,51,14,-1.1926935479999994,-1.5601999999999998,-0.02338614799999999,-0.11144285714285714,-0.08805670914285715,West,8,0.5098039215686274,Intermediario,1,Defensivo,0,Ofensivo
17,1610612763,MEM,2023,2023-02-09,1,Redundante,0.003262436986817192,54,28,11.660000000000002,10.85,0.21592592592592597,0.3875,0.17157407407407405,West,2,0.6111111111111112,Contender,0,Ofensivo,3,Elite
35,1610612763,MEM,2024,2024-02-02,1,Redundante,0.005497118259177734,48,34,5.91,1.2499999999999998,0.123125,0.036764705882352935,-0.08636029411764706,West,13,0.375,Tanking,2,Reconstrução,2,Reconstrução
34,1610612763,MEM,2024,2024-02-07,1,Redundante,0.0028828354477032168,51,31,5.809999999999999,1.3499999999999999,0.11392156862745095,0.04354838709677419,-0.07037318153067676,West,13,0.35294117647058826,Tanking,2,Reconstrução,2,Reconstrução
16,1610612763,MEM,2024,2024-02-08,2,Preenche Lacuna,-0.009004021265283137,51,31,5.809999999999999,1.3499999999999999,0.11392156862745095,0.04354838709677419,-0.07037318153067676,West,13,0.35294117647058826,Tanking,2,Reconstrução,2,Reconstrução
16,1610612763,MEM,2025,2025-02-06,2,Preenche Lacuna,-0.0038819290357416,51,31,14.25,8.6,0.27941176470588236,0.27741935483870966,-0.0019924098671726953,West,2,0.6862745098039216,Contender,3,Elite,0,Ofensivo
23,1610612764,WAS,2014,2014-02-20,1,Preenche Lacuna,-0.056831625571734046,54,28,1.2900000000000005,5.74,0.023888888888888897,0.20500000000000002,0.1811111111111111,East,5,0.48148148148148145,Contender,0,Ofensivo,0,Ofensivo
26,1610612764,WAS,2015,2015-02-19,1,Preenche Lacuna,-0.006500833091034831,54,28,4.82,-1.33,0.08925925925925926,-0.0475,-0.13675925925925925,East,4,0.6111111111111112,Contender,1,Defensivo,0,Ofensivo
13,1610612764,WAS,2016,2016-02-18,1,Redundante,0.0007451423977263057,51,31,5.46,3.4200000000000004,0.10705882352941176,0.1103225806451613,0.003263757115749541,East,10,0.45098039215686275,Intermediario,1,Defensivo,0,Ofensivo
29,1610612764,WAS,2017,2017-02-22,2,Redundante,0.0008413825356089755,55,27,13.18,8.09,0.23963636363636362,0.29962962962962963,0.059993265993266015,East,3,0.6181818181818182,Contender,1,Defensivo,0,Ofensivo
44,1610612764,WAS,2019,2018-12-07,1,Preenche Lacuna,-0.01262101168611216,25,57,-3.0346974762000003,-5.2513,-0.12138789904800001,-0.09212807017543859,0.029259828872561428,East,9,0.44,Intermediario,0,Ofensivo,0,Ofensivo
43,1610612764,WAS,2019,2018-12-17,1,Redundante,0.004977629847462961,30,52,-4.4064974762,-3.8795,-0.14688324920666668,-0.07460576923076924,0.07227747997589744,East,11,0.4,Tanking,0,Ofensivo,0,Ofensivo
35,1610612764,WAS,2019,2019-02-06,2,Redundante,0.00730614052194682,53,29,-4.5635974762,-3.7223999999999995,-0.08610561275849056,-0.12835862068965515,-0.042253007931164585,East,10,0.41509433962264153,Intermediario,0,Ofensivo,0,Ofensivo
25,1610612764,WAS,2019,2019-02-07,1,Redundante,0.005708220286783336,54,28,-4.9549974762,-3.3309999999999986,-0.09175921252222222,-0.11896428571428566,-0.027205073192063445,East,10,0.4074074074074074,Intermediario,0,Ofensivo,0,Ofensivo
"19,20",1610612764,WAS,2020,2020-02-06,2,Preenche Lacuna,-0.024806714372805322,49,15,-5.035699999999999,1.4954,-0.10276938775510203,0.09969333333333334,0.20246272108843538,East,11,0.3469387755102041,Tanking,0,Ofensivo,2,Reconstrução
15,1610612764,WAS,2021,2021-03-25,2,Redundante,0.007936905094246889,42,30,-5.8558,2.9145000000000003,-0.13942380952380953,0.09715000000000001,0.23657380952380955,East,13,0.35714285714285715,Tanking,0,Ofensivo,0,Ofensivo
"17,20",1610612764,WAS,2022,2022-02-10,3,Preenche Lacuna,-0.0028137064021921693,53,29,13.07,7.459999999999999,0.24660377358490568,0.2572413793103448,0.01063760572543912,East,11,0.4528301886792453,Tanking,2,Reconstrução,0,Ofensivo
28,1610612764,WAS,2023,2023-01-23,1,Redundante,0.0016915269294967726,46,36,11.0,10.919999999999998,0.2391304347826087,0.3033333333333333,0.06420289855072459,East,12,0.43478260869565216,Tanking,1,Defensivo,1,Defensivo
39,1610612764,WAS,2024,2024-01-14,2,Preenche Lacuna,-0.010343632721132692,38,44,6.360000000000001,6.090000000000001,0.1673684210526316,0.13840909090909093,-0.028959330143540685,East,14,0.18421052631578946,Tanking,2,Reconstrução,2,Reconstrução
28,1610612764,WAS,2024,2024-02-08,1,Redundante,0.003931198185443602,50,32,8.43,4.02,0.1686,0.125625,-0.04297500000000001,East,14,0.18,Tanking,2,Reconstrução,2,Reconstrução
25,1610612764,WAS,2025,2025-02-05,1,Redundante,0.022631115714365733,49,33,1.3999999999999997,6.23,0.028571428571428564,0.1887878787878788,0.16021645021645026,East,15,0.16326530612244897,Tanking,2,Reconstrução,2,Reconstrução
"13,16,22",1610612764,WAS,2025,2025-02-06,6,Preenche Lacuna,-0.013242483488227064,50,32,1.79,5.84,0.0358,0.1825,0.1467,East,15,0.18,Tanking,2,Reconstrução,2,Reconstrução
38,1610612765,DET,2015,2014-12-24,1,Preenche Lacuna,-0.022408378555852974,28,54,-5.430000000000001,2.8200000000000003,-0.19392857142857145,0.052222222222222225,0.24615079365079368,East,13,0.17857142857142858,Tanking,2,Reconstrução,3,Elite
"17,23",1610612765,DET,2015,2015-02-19,2,Preenche Lacuna,-0.02449069401060822,54,28,-2.210000000000001,-0.40000000000000036,-0.04092592592592594,-0.0142857142857143,0.026640211640211645,East,11,0.3888888888888889,Tanking,1,Defensivo,1,Defensivo
93,1610612765,DET,2018,2018-01-29,3,Preenche Lacuna,-0.0004330040967387616,48,34,6.09,5.4,0.126875,0.15882352941176472,0.03194852941176474,East,9,0.4583333333333333,Intermediario,1,Defensivo,1,Defensivo
"83,86",1610612765,DET,2018,2018-02-08,2,Preenche Lacuna,-0.0011837616332508625,53,29,8.35,3.14,0.15754716981132075,0.10827586206896553,-0.04927130774235522,East,9,0.5094339622641509,Intermediario,1,Defensivo,2,Reconstrução
30,1610612765,DET,2019,2019-02-07,1,Preenche Lacuna,-0.05790299487410289,53,29,2.1994930319999995,3.8114,0.04149986852830188,0.13142758620689654,0.08992771767859467,East,9,0.4528301886792453,Intermediario,2,Reconstrução,1,Defensivo
21,1610612765,DET,2020,2020-02-06,2,Preenche Lacuna,-0.018838128649354767,53,13,-7.2499042085999985,-4.3041,-0.136790645445283,-0.33108461538461537,-0.19429396993933237,East,10,0.3584905660377358,Intermediario,1,Defensivo,2,Reconstrução
35,1610612765,DET,2021,2021-02-07,1,Redundante,0.0031041453025424832,23,49,-3.6761,-11.0975,-0.1598304347826087,-0.2264795918367347,-0.066649157054126,East,15,0.21739130434782608,Tanking,0,Ofensivo,2,Reconstrução
34,1610612765,DET,2021,2021-03-12,1,Preenche Lacuna,-0.004514832112493387,37,35,-6.0981999999999985,-8.6754,-0.16481621621621617,-0.2478685714285714,-0.08305235521235524,East,15,0.2702702702702703,Tanking,0,Ofensivo,2,Reconstrução
28,1610612765,DET,2021,2021-03-25,1,Preenche Lacuna,-0.004931180197666484,43,29,-7.310600000000001,-7.463000000000001,-0.17001395348837212,-0.2573448275862069,-0.0873308740978348,East,15,0.27906976744186046,Tanking,2,Reconstrução,2,Reconstrução
24,1610612765,DET,2022,2022-02-10,1,Redundante,0.011262489389282164,54,28,2.7699999999999996,5.390000000000001,0.05129629629629629,0.19250000000000003,0.14120370370370375,East,15,0.2222222222222222,Tanking,2,Reconstrução,2,Reconstrução
19,1610612765,DET,2023,2023-02-09,1,Preenche Lacuna,-0.0003984939844594933,56,26,10.22,2.06,0.18250000000000002,0.07923076923076923,-0.1032692307692308,East,15,0.25,Tanking,2,Reconstrução,2,Reconstrução
39,1610612765,DET,2024,2024-01-14,2,Preenche Lacuna,-0.000514631427213412,39,43,2.610000000000001,6.34,0.06692307692307696,0.1474418604651163,0.08051878354203933,East,15,0.07692307692307693,Tanking,2,Reconstrução,2,Reconstrução
"27,29,31,32",1610612765,DET,2024,2024-02-08,8,Preenche Lacuna,-0.0032267011780772467,50,32,7.689999999999998,1.2599999999999998,0.15379999999999996,0.03937499999999999,-0.11442499999999997,East,15,0.14,Tanking,2,Reconstrução,2,Reconstrução
"14,15",1610612765,DET,2025,2025-02-06,3,Preenche Lacuna,-0.0005767315764367781,51,31,13.170000000000002,10.32,0.2582352941176471,0.3329032258064516,0.07466793168880448,East,7,0.49019607843137253,Intermediario,0,Ofensivo,3,Elite
25,1610612766,CHA,2013,2013-02-21,1,Preenche Lacuna,-0.001600076773961664,54,28,-5.640000000000001,-1.1600000000000001,-0.10444444444444445,-0.04142857142857143,0.06301587301587303,East,15,0.24074074074074073,Tanking,2,Reconstrução,2,Reconstrução
18,1610612766,CHA,2014,2014-02-20,2,Redundante,0.017972150380627466,55,27,-1.9100000000000006,3.9000000000000004,-0.03472727272727274,0.14444444444444446,0.1791717171717172,East,8,0.45454545454545453,Intermediario,1,Defensivo,1,Defensivo
30,1610612766,CHA,2015,2015-02-10,2,Preenche Lacuna,-0.015325138060519982,51,31,-2.2600000000000002,-2.1599999999999997,-0.04431372549019608,-0.0696774193548387,-0.02536369386464262,East,7,0.43137254901960786,Intermediario,1,Defensivo,1,Defensivo
21,1610612766,CHA,2016,2016-02-16,1,Redundante,0.0018423988875056006,52,29,6.08,6.96,0.11692307692307692,0.24,0.12307692307692307,East,8,0.5094339622641509,Intermediario,0,Ofensivo,3,Elite
35,1610612766,CHA,2017,2017-02-02,1,Redundante,,50,32,8.870000000000001,8.350000000000001,0.17740000000000003,0.26093750000000004,0.08353750000000001,East,8,0.46,Intermediario,1,Defensivo,1,Defensivo
33,1610612766,CHA,2017,2017-02-13,1,Preenche Lacuna,-0.00043338430995797615,54,28,9.08,8.140000000000002,0.16814814814814816,0.2907142857142858,0.12256613756613766,East,9,0.4444444444444444,Intermediario,1,Defensivo,1,Defensivo
90,1610612766,CHA,2018,2018-02-07,1,Preenche Lacuna,-0.007184183589284351,53,29,4.79,4.550000000000001,0.09037735849056604,0.15689655172413797,0.06651919323357193,East,10,0.4339622641509434,Intermediario,1,Defensivo,3,Elite
20,1610612766,CHA,2022,2022-02-10,1,Preenche Lacuna,-0.001984348052406659,56,26,14.96,8.61,0.2671428571428572,0.33115384615384613,0.06401098901098895,East,9,0.5,Intermediario,0,Ofensivo,0,Ofensivo
14,1610612766,CHA,2023,2023-02-09,1,Preenche Lacuna,-0.005433959685988295,56,26,7.51,5.470000000000001,0.13410714285714284,0.21038461538461542,0.07627747252747258,East,14,0.26785714285714285,Tanking,2,Reconstrução,2,Reconstrução
36,1610612766,CHA,2024,2024-01-23,1,Redundante,0.0003178737447967466,41,41,7.940000000000001,6.15,0.1936585365853659,0.15000000000000002,-0.043658536585365865,East,13,0.24390243902439024,Tanking,2,Reconstrução,2,Reconstrução
"24,26",1610612766,CHA,2024,2024-02-08,5,Preenche Lacuna,-0.00279035287861123,50,32,8.420000000000002,5.670000000000001,0.16840000000000002,0.17718750000000003,0.008787500000000004,East,13,0.2,Tanking,2,Reconstrução,2,Reconstrução
34,1610612766,CHA,2025,2025-01-15,1,Preenche Lacuna,-0.0010948028842033058,36,46,2.3900000000000006,1.5499999999999998,0.0663888888888889,0.033695652173913036,-0.032693236714975864,East,14,0.2222222222222222,Tanking,2,Reconstrução,2,Reconstrução
"21,23",1610612766,CHA,2025,2025-02-06,3,Redundante,0.002248022050396095,48,34,3.01,0.9300000000000002,0.06270833333333332,0.027352941176470594,-0.03535539215686273,East,14,0.25,Tanking,2,Reconstrução,2,Reconstrução
